match_id,innings,over,ball_in_over,bowler,career_economy,dot_ball_percentage,boundary_percentage
335983,1,5,6,JR Hopes,8.884,0.5,0.3333333333333333
335983,1,8,6,IK Pathan,7.675,0.16666666666666666,0.25
335983,1,12,6,WA Mota,7.833,0.5,0.0
335983,1,15,6,IK Pathan,7.675,0.2777777777777778,0.2222222222222222
335983,2,5,6,MS Gony,8.361,0.35294117647058826,0.17647058823529413
335983,2,8,6,Joginder Sharma,9.778,0.0,0.4
335983,2,12,6,P Amarnath,11.143,0.16666666666666666,0.2777777777777778
335990,1,5,6,SR Watson,7.743,0.5882352941176471,0.23529411764705882
335990,1,8,6,SK Warne,7.195,0.16666666666666666,0.0
335990,1,15,6,SK Warne,7.195,0.1111111111111111,0.2222222222222222
335990,2,5,6,PP Ojha,7.152,0.16666666666666666,0.5
335990,2,8,6,Shahid Afridi,7.577,0.3333333333333333,0.3333333333333333
335990,2,12,6,A Symonds,7.361,0.16666666666666666,0.16666666666666666
335995,1,5,6,VRV Singh,9.435,0.6666666666666666,0.16666666666666666
335995,1,8,6,PP Chawla,7.797,0.5833333333333334,0.08333333333333333
335995,2,5,6,MF Maharoof,7.381,0.16666666666666666,0.3333333333333333
335995,2,8,6,Mohammad Asif,9.179,0.5,0.2777777777777778
335996,1,5,6,Z Khan,7.581,0.5,0.2777777777777778
335996,1,8,6,B Akhil,7.426,0.16666666666666666,0.16666666666666666
335996,1,12,6,B Akhil,7.426,0.3888888888888889,0.1111111111111111
335996,2,5,6,MS Gony,8.361,0.4444444444444444,0.2222222222222222
335996,2,8,6,JA Morkel,8.198,0.18181818181818182,0.18181818181818182
335996,2,12,6,P Amarnath,11.143,0.16666666666666666,0.2222222222222222
336002,1,5,6,DW Steyn,6.808,0.4444444444444444,0.1111111111111111
336002,1,8,6,B Akhil,7.426,0.3333333333333333,0.3333333333333333
336002,1,12,6,R Vinay Kumar,8.412,0.6666666666666666,0.25
336002,2,5,6,DP Vijaykumar,7.969,0.5,0.16666666666666666
336002,2,8,6,SB Bangar,9.0,0.5,0.05555555555555555
336002,2,12,6,WPUJC Vaas,6.852,0.4444444444444444,0.2222222222222222
336003,1,5,6,AB Dinda,8.338,0.7272727272727273,0.2727272727272727
336003,1,8,6,Mohammad Hafeez,5.714,0.3333333333333333,0.3333333333333333
336003,1,12,6,Umar Gul,8.486,0.8333333333333334,0.0
336003,2,5,6,IK Pathan,7.675,0.7647058823529411,0.058823529411764705
336003,2,8,6,Gagandeep Singh,9.8,0.5,0.0
336003,2,12,6,Gagandeep Singh,9.8,0.2777777777777778,0.16666666666666666
336003,2,15,6,JR Hopes,8.884,0.3333333333333333,0.08333333333333333
336016,1,5,6,PP Chawla,7.797,0.4,0.4
336016,1,8,6,VRV Singh,9.435,0.4166666666666667,0.0
336016,2,5,6,Z Khan,7.581,0.5555555555555556,0.1111111111111111
336018,1,5,6,DJ Bravo,8.166,0.6666666666666666,0.16666666666666666
336018,1,8,6,DS Kulkarni,8.554,0.5833333333333334,0.16666666666666666
336018,1,12,6,A Nehra,7.386,0.5294117647058824,0.23529411764705882
336018,1,15,6,DJ Bravo,8.166,0.4444444444444444,0.2222222222222222
336018,2,5,6,JA Morkel,8.198,0.5294117647058824,0.47058823529411764
336018,2,8,6,L Balaji,8.098,0.7272727272727273,0.09090909090909091
336022,1,5,6,VRV Singh,9.435,0.0,0.6666666666666666
336022,1,8,6,RR Powar,7.306,0.36363636363636365,0.2727272727272727
336036,1,5,6,YK Pathan,7.482,0.8333333333333334,0.0
336036,1,8,6,SK Trivedi,7.509,0.3333333333333333,0.0
336036,1,12,6,SK Trivedi,7.509,0.29411764705882354,0.11764705882352941
336036,1,15,6,SK Warne,7.195,0.30434782608695654,0.13043478260869565
336036,2,5,6,CRD Fernando,7.963,0.8,0.0
336036,2,15,6,CRD Fernando,7.963,0.6111111111111112,0.05555555555555555
392188,1,8,6,A Kumble,6.205,0.3333333333333333,0.0
392188,1,15,6,KP Pietersen,7.25,0.3888888888888889,0.05555555555555555
392188,2,5,6,RP Singh,8.086,0.6111111111111112,0.1111111111111111
392188,2,8,6,PP Ojha,7.152,0.5,0.16666666666666666
392188,2,15,6,SB Styris,7.625,0.3333333333333333,0.16666666666666666
392212,1,5,6,DJ Bravo,8.166,0.8333333333333334,0.0
392212,1,8,6,DJ Bravo,8.166,0.6666666666666666,0.0
392212,1,12,6,ST Jayasuriya,8.171,0.4166666666666667,0.08333333333333333
392212,1,15,6,DS Kulkarni,8.554,0.5652173913043478,0.08695652173913043
392212,2,8,6,TL Suman,8.429,0.6666666666666666,0.0
392212,2,12,6,RJ Harris,7.56,0.5,0.1111111111111111
392212,2,15,6,RG Sharma,8.468,0.6666666666666666,0.0
392216,1,5,6,S Sreesanth,7.693,0.5833333333333334,0.16666666666666666
392216,1,8,6,PP Chawla,7.797,0.4166666666666667,0.16666666666666666
392216,1,15,6,IK Pathan,7.675,0.3888888888888889,0.2777777777777778
392216,2,8,6,A Symonds,7.361,0.0,0.4
392216,2,15,6,PP Ojha,7.152,0.2777777777777778,0.0
392220,1,5,6,SK Trivedi,7.509,0.5,0.3333333333333333
392220,1,8,6,SK Warne,7.195,0.08333333333333333,0.16666666666666666
392220,1,12,6,YK Pathan,7.482,0.5,0.08333333333333333
392220,2,5,6,WPUJC Vaas,6.852,0.7222222222222222,0.1111111111111111
392220,2,8,6,A Symonds,7.361,0.3888888888888889,0.1111111111111111
392220,2,15,6,RG Sharma,8.468,0.4166666666666667,0.0
392223,1,12,6,DR Smith,9.258,0.25,0.0
392223,1,15,6,RP Singh,8.086,0.4444444444444444,0.05555555555555555
392223,2,5,6,A Nehra,7.386,0.09090909090909091,0.45454545454545453
392223,2,8,6,A Mishra,7.368,0.3333333333333333,0.3333333333333333
392223,2,12,6,PJ Sangwan,8.659,0.6521739130434783,0.043478260869565216
392223,2,15,6,A Nehra,7.386,0.2222222222222222,0.3888888888888889
392228,1,5,6,A Symonds,7.361,0.8333333333333334,0.0
392228,1,8,6,Harmeet Singh,7.86,0.4166666666666667,0.08333333333333333
392228,1,12,6,RG Sharma,8.468,0.5,0.0
392228,2,5,6,BJ Hodge,7.576,0.5,0.3333333333333333
392228,2,12,6,M Kartik,7.498,0.7222222222222222,0.0
392236,1,5,6,A Symonds,7.361,0.6666666666666666,0.0
392236,1,8,6,Jaskaran Singh,9.462,0.45454545454545453,0.18181818181818182
392236,1,12,6,A Symonds,7.361,0.4444444444444444,0.0
392236,2,5,6,RE van der Merwe,6.673,0.2,0.4
392236,2,8,6,B Akhil,7.426,0.45454545454545453,0.0
392236,2,12,6,RE van der Merwe,6.673,0.4117647058823529,0.17647058823529413
392237,1,5,6,PP Ojha,7.152,0.6666666666666666,0.3333333333333333
392237,1,8,6,A Symonds,7.361,0.4166666666666667,0.25
392237,1,12,6,RG Sharma,8.468,0.0,0.0
392237,2,5,6,V Sehwag,9.3,0.2,0.8
392237,2,12,6,A Nehra,7.386,0.3888888888888889,0.2222222222222222
392237,2,15,6,PJ Sangwan,8.659,0.4166666666666667,0.25
419110,1,5,6,M Muralitharan,6.548,0.6363636363636364,0.09090909090909091
419110,1,8,6,R Ashwin,7.171,0.5833333333333334,0.08333333333333333
419110,1,12,6,R Ashwin,7.171,0.4444444444444444,0.05555555555555555
419110,1,15,6,L Balaji,8.098,0.4117647058823529,0.23529411764705882
419110,2,5,6,PP Ojha,7.152,0.5,0.0
419110,2,8,6,RG Sharma,8.468,0.5,0.08333333333333333
419112,1,5,6,JH Kallis,7.791,0.5,0.3333333333333333
419112,1,8,6,A Kumble,6.205,0.4166666666666667,0.16666666666666666
419112,1,12,6,V Kohli,8.891,0.18181818181818182,0.2727272727272727
419112,2,8,6,PP Chawla,7.797,0.4166666666666667,0.0
419112,2,15,6,Bipul Sharma,7.82,0.3333333333333333,0.08333333333333333
419113,1,5,6,LR Shukla,8.483,0.5,0.3333333333333333
419113,1,8,6,LR Shukla,8.483,0.4166666666666667,0.25
419113,1,12,6,SE Bond,7.074,0.5,0.1111111111111111
419113,2,8,6,JM Kemp,13.0,0.4,0.2
419113,2,15,6,M Muralitharan,6.548,0.5555555555555556,0.05555555555555555
419121,1,5,6,L Balaji,8.098,0.3333333333333333,0.16666666666666666
419121,1,8,6,M Muralitharan,6.548,0.6666666666666666,0.0
419121,1,12,6,R Ashwin,7.171,0.4444444444444444,0.16666666666666666
419121,2,5,6,J Theron,8.433,0.6,0.2
419121,2,8,6,RR Powar,7.306,0.6111111111111112,0.16666666666666666
419121,2,12,6,J Theron,8.433,0.6363636363636364,0.09090909090909091
419125,1,5,6,DJ Bravo,8.166,0.16666666666666666,0.3333333333333333
419125,1,8,6,Harbhajan Singh,7.15,0.3333333333333333,0.05555555555555555
419125,1,12,6,SL Malinga,6.983,0.2727272727272727,0.2727272727272727
419125,1,15,6,Z Khan,7.581,0.2222222222222222,0.2777777777777778
419125,2,5,6,L Balaji,8.098,0.3333333333333333,0.2222222222222222
419125,2,8,6,SB Jakati,8.071,0.25,0.25
419125,2,12,6,M Muralitharan,6.548,0.2777777777777778,0.05555555555555555
419134,1,5,6,S Narwal,10.714,0.5,0.1111111111111111
419134,1,8,6,SK Warne,7.195,0.3333333333333333,0.0
419134,1,15,6,SK Trivedi,7.509,0.16666666666666666,0.16666666666666666
419134,2,5,6,UT Yadav,8.358,0.5,0.16666666666666666
419134,2,8,6,A Mishra,7.368,0.5,0.16666666666666666
419137,1,8,6,SK Warne,7.195,0.5,0.0
419137,1,12,6,SK Warne,7.195,0.3333333333333333,0.16666666666666666
419137,2,5,6,JA Morkel,8.198,0.16666666666666666,0.5
419137,2,8,6,SB Jakati,8.071,0.16666666666666666,0.16666666666666666
419137,2,15,6,DE Bollinger,7.327,0.75,0.0
419141,1,5,6,A Symonds,7.361,0.3333333333333333,0.16666666666666666
419141,1,8,6,RJ Harris,7.56,0.4166666666666667,0.16666666666666666
419141,1,12,6,RJ Harris,7.56,0.4444444444444444,0.16666666666666666
419141,1,15,6,Harmeet Singh,7.86,0.4117647058823529,0.11764705882352941
419141,2,5,6,M Morkel,7.385,0.8333333333333334,0.16666666666666666
419141,2,12,6,SK Trivedi,7.509,0.4166666666666667,0.16666666666666666
419141,2,15,6,SK Warne,7.195,0.5555555555555556,0.1111111111111111
419142,1,5,6,Harbhajan Singh,7.15,0.5555555555555556,0.1111111111111111
419142,1,8,6,DJ Bravo,8.166,0.4,0.2
419142,1,12,6,SL Malinga,6.983,0.4117647058823529,0.11764705882352941
419142,1,15,6,KA Pollard,8.931,0.2222222222222222,0.1111111111111111
419142,2,5,6,R Ashwin,7.171,0.4166666666666667,0.16666666666666666
419142,2,8,6,T Thushara,7.25,0.45454545454545453,0.0
419142,2,12,6,R Ashwin,7.171,0.3888888888888889,0.1111111111111111
419143,1,5,6,YK Pathan,7.482,0.45454545454545453,0.18181818181818182
419143,1,8,6,SK Warne,7.195,0.0,0.4
419143,1,12,6,SK Trivedi,7.509,0.6363636363636364,0.09090909090909091
419143,2,5,6,PP Chawla,7.797,0.6666666666666666,0.16666666666666666
419150,1,8,6,SK Trivedi,7.509,0.16666666666666666,0.0
419150,1,12,6,SK Trivedi,7.509,0.36363636363636365,0.0
419150,1,15,6,AP Dole,9.233104533650783,0.25,0.25
419150,2,5,6,DS Kulkarni,8.554,0.5294117647058824,0.23529411764705882
419150,2,8,6,Harbhajan Singh,7.15,0.3333333333333333,0.0
419150,2,12,6,SL Malinga,6.983,0.4166666666666667,0.0
419150,2,15,6,SL Malinga,6.983,0.5,0.0
419152,1,5,6,AB McDonald,8.304,0.3333333333333333,0.0
419152,1,8,6,PD Collingwood,6.915,0.16666666666666666,0.0
419152,1,12,6,PD Collingwood,6.915,0.16666666666666666,0.05555555555555555
419152,2,5,6,DJ Bravo,8.166,0.0,0.4
419152,2,8,6,KA Pollard,8.931,0.3333333333333333,0.0
419152,2,12,6,KA Pollard,8.931,0.4444444444444444,0.0
419152,2,15,6,Harbhajan Singh,7.15,0.2777777777777778,0.1111111111111111
419157,1,5,6,JH Kallis,7.791,0.3333333333333333,0.0
419157,1,8,6,Pankaj Singh,8.929,0.6470588235294118,0.23529411764705882
419157,1,12,6,JH Kallis,7.791,0.3888888888888889,0.16666666666666666
419157,2,5,6,R McLaren,9.778,0.3333333333333333,0.0
419157,2,8,6,Harbhajan Singh,7.15,0.4166666666666667,0.16666666666666666
501209,1,5,6,B Lee,7.358,0.75,0.08333333333333333
501209,1,15,6,L Balaji,8.098,0.5555555555555556,0.16666666666666666
501209,2,5,6,A Singh,8.161,0.5,0.4166666666666667
501209,2,12,6,SK Trivedi,7.509,0.3333333333333333,0.08333333333333333
501210,1,5,6,NLTC Perera,8.201,0.6666666666666666,0.3333333333333333
501210,1,8,6,RV Gomez,7.778,0.5,0.08333333333333333
501210,1,12,6,NLTC Perera,8.201,0.4444444444444444,0.16666666666666666
501210,1,15,6,R Vinay Kumar,8.412,0.4375,0.25
501210,2,5,6,KA Pollard,8.931,0.0,0.4
501210,2,8,6,KA Pollard,8.931,0.18181818181818182,0.45454545454545453
501210,2,12,6,AG Murtaza,8.318,0.5294117647058824,0.11764705882352941
501212,1,5,6,R McLaren,9.778,0.5,0.3333333333333333
501212,1,15,6,RJ Harris,7.56,0.3333333333333333,0.16666666666666666
501212,2,5,6,I Sharma,8.38,0.6666666666666666,0.1111111111111111
501212,2,8,6,DT Christian,8.035,0.16666666666666666,0.5
501221,1,5,6,Joginder Sharma,9.778,0.6,0.0
501221,1,8,6,R Ashwin,7.171,0.5,0.0
501221,1,12,6,R Ashwin,7.171,0.4117647058823529,0.058823529411764705
501221,2,5,6,MM Patel,7.226,0.5555555555555556,0.2777777777777778
501221,2,12,6,KA Pollard,8.931,0.5,0.08333333333333333
501221,2,15,6,Harbhajan Singh,7.15,0.29411764705882354,0.058823529411764705
501224,1,5,6,I Sharma,8.38,0.36363636363636365,0.36363636363636365
501224,1,8,6,A Mishra,7.368,0.6666666666666666,0.08333333333333333
501224,1,15,6,I Sharma,8.38,0.3333333333333333,0.3333333333333333
501224,2,5,6,SL Malinga,6.983,0.6666666666666666,0.0
501224,2,8,6,R Sathish,10.4,0.3333333333333333,0.16666666666666666
501224,2,12,6,AN Ahmed,7.607,0.3888888888888889,0.1111111111111111
501224,2,15,6,SL Malinga,6.983,0.6111111111111112,0.0
501225,1,5,6,A Singh,8.161,0.4444444444444444,0.1111111111111111
501225,1,8,6,J Botha,7.204,0.5,0.05555555555555555
501225,1,12,6,SK Trivedi,7.509,0.3333333333333333,0.16666666666666666
501225,2,5,6,M Muralitharan,6.548,0.6666666666666666,0.08333333333333333
501225,2,12,6,M Muralitharan,6.548,0.5555555555555556,0.16666666666666666
501226,1,5,6,M Kartik,7.498,0.3333333333333333,0.3333333333333333
501226,1,8,6,R Sharma,6.895,0.5,0.0
501226,1,15,6,AC Thomas,8.0,0.35294117647058826,0.11764705882352941
501226,2,5,6,R Ashwin,7.171,0.75,0.08333333333333333
501226,2,8,6,S Randiv,7.611,0.5,0.0
501226,2,12,6,DE Bollinger,7.327,0.36363636363636365,0.09090909090909091
501229,1,5,6,R Vinay Kumar,8.412,0.8333333333333334,0.0
501229,1,8,6,NLTC Perera,8.201,0.5,0.0
501229,1,12,6,RA Jadeja,7.679,0.0,0.16666666666666666
501229,2,8,6,DT Christian,8.035,0.7272727272727273,0.0
501230,1,5,6,UT Yadav,8.358,0.3333333333333333,0.16666666666666666
501230,1,8,6,AB Agarkar,8.853,0.4166666666666667,0.08333333333333333
501230,1,12,6,M Morkel,7.385,0.5,0.3333333333333333
501230,2,5,6,Iqbal Abdulla,7.307,0.6,0.2
501230,2,8,6,JD Unadkat,8.955,0.5555555555555556,0.1111111111111111
501230,2,12,6,Iqbal Abdulla,7.307,0.4444444444444444,0.05555555555555555
501230,2,15,6,B Lee,7.358,0.4375,0.125
501231,1,5,6,A Singh,8.161,0.6111111111111112,0.05555555555555555
501231,1,12,6,SR Watson,7.743,0.5625,0.0625
501231,1,15,6,J Botha,7.204,0.5,0.0
501231,2,5,6,AG Murtaza,8.318,0.5833333333333334,0.0
501231,2,8,6,Harbhajan Singh,7.15,0.4166666666666667,0.08333333333333333
501231,2,15,6,KA Pollard,8.931,0.36363636363636365,0.09090909090909091
501240,1,5,6,R Ashwin,7.171,0.16666666666666666,0.3333333333333333
501240,1,8,6,SB Jakati,8.071,0.25,0.08333333333333333
501240,1,12,6,R Ashwin,7.171,0.2777777777777778,0.2777777777777778
501240,2,5,6,J Botha,7.204,0.3888888888888889,0.05555555555555555
501240,2,8,6,SR Watson,7.743,0.25,0.16666666666666666
501240,2,15,6,SK Trivedi,7.509,0.1111111111111111,0.1111111111111111
501243,1,5,6,M Morkel,7.385,0.5,0.4166666666666667
501243,1,8,6,AB Agarkar,8.853,0.4166666666666667,0.0
501243,1,12,6,AM Salvi,8.286,0.5294117647058824,0.11764705882352941
501243,2,5,6,I Sharma,8.38,0.7647058823529411,0.058823529411764705
501243,2,8,6,DT Christian,8.035,0.3333333333333333,0.1111111111111111
501243,2,12,6,DW Steyn,6.808,0.5555555555555556,0.16666666666666666
501250,1,5,6,WD Parnell,7.392,0.3333333333333333,0.25
501250,1,8,6,Yuvraj Singh,7.454,0.3333333333333333,0.0
501250,1,12,6,R Sharma,6.895,0.2222222222222222,0.05555555555555555
501250,1,15,6,MR Marsh,8.613,0.2777777777777778,0.1111111111111111
501250,2,5,6,A Mishra,7.368,0.5,0.3333333333333333
501250,2,12,6,DT Christian,8.035,0.5833333333333334,0.08333333333333333
501254,1,5,6,SJ Srivastava,9.55,0.2727272727272727,0.18181818181818182
501254,1,8,6,Bipul Sharma,7.82,0.4166666666666667,0.25
501254,1,12,6,BA Bhatt,7.748,0.4444444444444444,0.1111111111111111
501254,1,15,6,RJ Harris,7.56,0.3333333333333333,0.2777777777777778
501254,2,5,6,S Sreesanth,7.693,0.3333333333333333,0.2222222222222222
501254,2,8,6,R Vinay Kumar,8.412,0.5833333333333334,0.25
501254,2,12,6,RA Jadeja,7.679,0.3333333333333333,0.3333333333333333
501254,2,15,6,RA Jadeja,7.679,0.3333333333333333,0.16666666666666666
501256,1,5,6,DS Kulkarni,8.554,0.16666666666666666,0.16666666666666666
501256,1,12,6,SL Malinga,6.983,0.6666666666666666,0.0
501256,1,15,6,SL Malinga,6.983,0.6111111111111112,0.05555555555555555
501256,2,5,6,I Sharma,8.38,0.5555555555555556,0.05555555555555555
501256,2,8,6,DT Christian,8.035,0.3333333333333333,0.16666666666666666
501256,2,12,6,DT Christian,8.035,0.4117647058823529,0.11764705882352941
501256,2,15,6,Anand Rajan,7.969,0.4166666666666667,0.08333333333333333
501265,1,5,6,SS Mundhe,9.233104533650783,0.8,0.2
501265,1,8,6,MR Marsh,8.613,0.25,0.0
501270,1,5,6,SL Malinga,6.983,0.5833333333333334,0.16666666666666666
501270,1,8,6,KA Pollard,8.931,0.0,0.2
501270,1,12,6,KA Pollard,8.931,0.29411764705882354,0.058823529411764705
501270,1,15,6,AN Ahmed,7.607,0.23529411764705882,0.29411764705882354
501270,2,5,6,S Aravind,8.041,0.47058823529411764,0.23529411764705882
501270,2,8,6,DL Vettori,6.791,0.25,0.08333333333333333
501270,2,15,6,J Syed Mohammad,8.815,0.4444444444444444,0.1111111111111111
548310,1,5,6,M Morkel,7.385,0.6666666666666666,0.16666666666666666
548310,1,8,6,GJ Maxwell,8.395,0.3333333333333333,0.0
548310,1,12,6,S Nadeem,7.477,0.3888888888888889,0.1111111111111111
548310,2,5,6,AB McDonald,8.304,0.5,0.16666666666666666
548310,2,8,6,DL Vettori,6.791,0.25,0.08333333333333333
548310,2,12,6,HV Patel,8.871,0.5,0.0
548311,1,5,6,DT Christian,8.035,0.5,0.16666666666666666
548311,1,8,6,TP Sudhindra,11.739,0.4,0.0
548311,1,12,6,DT Christian,8.035,0.5,0.05555555555555555
548311,2,5,6,DE Bollinger,7.327,0.5,0.3333333333333333
548311,2,12,6,RA Jadeja,7.679,0.6666666666666666,0.16666666666666666
548320,1,8,6,Shakib Al Hasan,7.433,0.5833333333333334,0.0
548320,1,12,6,SP Narine,6.887,0.4166666666666667,0.16666666666666666
548320,1,15,6,R Bhatia,7.358,0.2727272727272727,0.18181818181818182
548320,2,5,6,A Singh,8.161,0.3888888888888889,0.1111111111111111
548320,2,8,6,SK Trivedi,7.509,0.0,0.16666666666666666
548320,2,15,6,SK Trivedi,7.509,0.0,0.08333333333333333
548327,1,5,6,DL Vettori,6.791,0.3333333333333333,0.3333333333333333
548327,1,8,6,HV Patel,8.871,0.3888888888888889,0.2222222222222222
548327,1,12,6,DL Vettori,6.791,0.2777777777777778,0.1111111111111111
548327,1,15,6,Z Khan,7.581,0.16666666666666666,0.1111111111111111
548327,2,5,6,MN Samuels,7.888,0.6666666666666666,0.0
548327,2,8,6,B Kumar,7.775,0.5,0.1111111111111111
548327,2,15,6,A Nehra,7.386,0.47058823529411764,0.23529411764705882
548334,1,5,6,Azhar Mahmood,7.424,0.2,0.4
548334,1,8,6,PP Chawla,7.797,0.3333333333333333,0.0
548334,2,5,6,KA Pollard,8.931,0.5,0.16666666666666666
548334,2,8,6,KA Pollard,8.931,0.5833333333333334,0.08333333333333333
548334,2,12,6,NLTC Perera,8.201,0.0,0.16666666666666666
548337,1,5,6,M Morkel,7.385,0.5,0.08333333333333333
548337,1,8,6,P Negi,7.725,0.25,0.16666666666666666
548337,1,12,6,UT Yadav,8.358,0.25,0.25
548337,2,8,6,R Sharma,6.895,0.3333333333333333,0.16666666666666666
548337,2,12,6,M Kartik,7.498,0.23529411764705882,0.11764705882352941
548348,1,5,6,WD Parnell,7.392,0.75,0.08333333333333333
548348,1,8,6,A Nehra,7.386,0.4166666666666667,0.08333333333333333
548348,1,12,6,SC Ganguly,7.375,0.08333333333333333,0.08333333333333333
548348,1,15,6,WD Parnell,7.392,0.5555555555555556,0.16666666666666666
548348,2,5,6,DW Steyn,6.808,0.4166666666666667,0.5
548348,2,8,6,JP Duminy,7.413,0.29411764705882354,0.058823529411764705
548348,2,15,6,DW Steyn,6.808,0.3333333333333333,0.3888888888888889
548353,1,5,6,AB Dinda,8.338,0.2727272727272727,0.2727272727272727
548353,1,12,6,M Kartik,7.498,0.5,0.1111111111111111
548353,2,5,6,M de Lange,9.643,0.35294117647058826,0.17647058823529413
548353,2,8,6,SP Narine,6.887,1.0,0.0
548353,2,12,6,YK Pathan,7.482,0.4,0.0
548353,2,15,6,R Bhatia,7.358,0.16666666666666666,0.05555555555555555
548355,1,5,6,SL Malinga,6.983,0.5,0.08333333333333333
548355,1,8,6,RP Singh,8.086,0.5882352941176471,0.17647058823529413
548355,2,5,6,R Ashwin,7.171,0.3333333333333333,0.16666666666666666
548355,2,8,6,DJ Bravo,8.166,0.18181818181818182,0.2727272727272727
548355,2,12,6,SB Jakati,8.071,0.4166666666666667,0.08333333333333333
548357,1,5,6,JH Kallis,7.791,0.4166666666666667,0.16666666666666666
548357,1,8,6,R Bhatia,7.358,0.5,0.3333333333333333
548357,1,12,6,SP Narine,6.887,0.5833333333333334,0.08333333333333333
548357,2,5,6,UT Yadav,8.358,0.5,0.3333333333333333
548357,2,8,6,VR Aaron,8.7,0.3333333333333333,0.08333333333333333
548357,2,12,6,IK Pathan,7.675,0.35294117647058826,0.17647058823529413
548357,2,15,6,UT Yadav,8.358,0.43478260869565216,0.13043478260869565
548363,1,5,6,SP Narine,6.887,0.5,0.16666666666666666
548363,1,8,6,JH Kallis,7.791,0.25,0.08333333333333333
548363,1,15,6,SP Narine,6.887,0.5555555555555556,0.1111111111111111
548363,2,5,6,PP Ojha,7.152,0.4166666666666667,0.08333333333333333
548363,2,8,6,DR Smith,9.258,0.5,0.0
548363,2,12,6,DR Smith,9.258,0.23529411764705882,0.11764705882352941
548363,2,15,6,SL Malinga,6.983,0.2777777777777778,0.1111111111111111
548375,1,5,6,B Kumar,7.775,0.6666666666666666,0.16666666666666666
548375,1,8,6,MJ Clarke,5.2,0.4166666666666667,0.0
548375,1,15,6,A Nehra,7.386,0.3333333333333333,0.2222222222222222
548375,2,5,6,SP Narine,6.887,0.5,0.0
548375,2,8,6,L Balaji,8.098,0.5,0.05555555555555555
548375,2,12,6,R Bhatia,7.358,0.5,0.0
548377,1,5,6,DS Kulkarni,8.554,0.7222222222222222,0.05555555555555555
548377,1,8,6,DR Smith,9.258,0.5,0.0
548377,1,15,6,KA Pollard,8.931,0.47058823529411764,0.17647058823529413
548377,2,5,6,GB Hogg,7.61,0.6666666666666666,0.16666666666666666
548377,2,8,6,SK Trivedi,7.509,0.4166666666666667,0.08333333333333333
598006,1,5,6,A Nehra,7.386,0.3333333333333333,0.3333333333333333
598006,1,8,6,UT Yadav,8.358,0.45454545454545453,0.2727272727272727
598006,1,15,6,UT Yadav,8.358,0.47058823529411764,0.23529411764705882
598006,2,5,6,SL Malinga,6.983,0.5833333333333334,0.16666666666666666
598006,2,8,6,Harbhajan Singh,7.15,0.3333333333333333,0.1111111111111111
598006,2,12,6,PP Ojha,7.152,0.2727272727272727,0.09090909090909091
598006,2,15,6,SL Malinga,6.983,0.5555555555555556,0.16666666666666666
598013,1,5,6,I Sharma,8.38,0.5833333333333334,0.16666666666666666
598013,1,8,6,A Mishra,7.368,0.5,0.25
598013,1,12,6,NLTC Perera,8.201,0.2777777777777778,0.16666666666666666
598013,2,5,6,SMSM Senanayake,7.042,0.29411764705882354,0.0
598013,2,8,6,JH Kallis,7.791,0.75,0.08333333333333333
598013,2,12,6,L Balaji,8.098,0.3333333333333333,0.16666666666666666
598013,2,15,6,SP Narine,6.887,0.2222222222222222,0.1111111111111111
598019,1,5,6,SL Malinga,6.983,0.5833333333333334,0.4166666666666667
598019,1,8,6,Harbhajan Singh,7.15,0.5,0.0
598019,1,12,6,SL Malinga,6.983,0.5,0.2777777777777778
598019,1,15,6,PP Ojha,7.152,0.2777777777777778,0.1111111111111111
598019,2,8,6,SK Trivedi,7.509,0.8333333333333334,0.0
598019,2,12,6,JP Faulkner,8.578,0.4166666666666667,0.08333333333333333
598019,2,15,6,KK Cooper,7.884,0.0,0.16666666666666666
598021,1,5,6,I Sharma,8.38,0.3333333333333333,0.16666666666666666
598021,1,8,6,KV Sharma,8.407,0.6666666666666666,0.0
598021,1,12,6,NLTC Perera,8.201,0.5833333333333334,0.25
598021,1,15,6,A Mishra,7.368,0.3333333333333333,0.1111111111111111
598021,2,5,6,Azhar Mahmood,7.424,0.3333333333333333,0.16666666666666666
598021,2,8,6,AD Mascarenhas,6.993,0.3888888888888889,0.05555555555555555
598021,2,12,6,Azhar Mahmood,7.424,0.25,0.08333333333333333
598021,2,15,6,MS Gony,8.361,0.5555555555555556,0.16666666666666666
598054,1,5,6,UT Yadav,8.358,0.3333333333333333,0.16666666666666666
598054,1,8,6,UT Yadav,8.358,0.18181818181818182,0.18181818181818182
598054,1,12,6,M Morkel,7.385,0.5555555555555556,0.1111111111111111
598054,1,15,6,S Kaul,8.809,0.2222222222222222,0.16666666666666666
598054,2,5,6,JD Unadkat,8.955,0.75,0.08333333333333333
598054,2,8,6,J Syed Mohammad,8.815,0.0,0.8
598054,2,12,6,R Vinay Kumar,8.412,0.2727272727272727,0.36363636363636365
598055,1,5,6,AN Ahmed,7.607,0.4444444444444444,0.16666666666666666
598055,1,8,6,PP Ojha,7.152,0.3333333333333333,0.08333333333333333
598055,1,12,6,SL Malinga,6.983,0.25,0.16666666666666666
598055,2,5,6,KW Richardson,8.729,0.5,0.25
598055,2,8,6,BAW Mendis,7.855,0.5555555555555556,0.0
598055,2,12,6,Yuvraj Singh,7.454,0.5555555555555556,0.05555555555555555
598055,2,15,6,AB Dinda,8.338,0.4444444444444444,0.2222222222222222
598060,1,5,6,Harbhajan Singh,7.15,0.5454545454545454,0.09090909090909091
598060,1,8,6,PP Ojha,7.152,0.16666666666666666,0.16666666666666666
598060,1,12,6,MG Johnson,8.209,0.3888888888888889,0.3333333333333333
598060,2,5,6,I Sharma,8.38,0.4444444444444444,0.1111111111111111
598060,2,8,6,KV Sharma,8.407,0.4,0.2
598060,2,15,6,DW Steyn,6.808,0.5555555555555556,0.16666666666666666
598061,1,5,6,SMSM Senanayake,7.042,0.3333333333333333,0.05555555555555555
598061,1,12,6,L Balaji,8.098,0.5,0.16666666666666666
598061,2,5,6,AD Mathews,8.328,0.5,0.0
598061,2,8,6,AD Mathews,8.328,0.25,0.16666666666666666
598061,2,12,6,AG Murtaza,8.318,0.16666666666666666,0.16666666666666666
598063,1,5,6,SR Watson,7.743,0.7272727272727273,0.09090909090909091
598063,1,8,6,KK Cooper,7.884,0.3333333333333333,0.16666666666666666
598063,1,12,6,KK Cooper,7.884,0.4166666666666667,0.08333333333333333
598063,1,15,6,JP Faulkner,8.578,0.35294117647058826,0.23529411764705882
598063,2,5,6,DS Kulkarni,8.554,0.6666666666666666,0.05555555555555555
598063,2,8,6,Harbhajan Singh,7.15,0.45454545454545453,0.0
598067,1,5,6,UT Yadav,8.358,0.8,0.0
598067,1,8,6,UT Yadav,8.358,0.5833333333333334,0.25
598067,1,12,6,S Nadeem,7.477,0.4444444444444444,0.0
598067,1,15,6,M Morkel,7.385,0.2777777777777778,0.16666666666666666
598067,2,5,6,B Kumar,7.775,0.5,0.16666666666666666
598067,2,8,6,AD Mathews,8.328,0.6666666666666666,0.16666666666666666
598067,2,15,6,WD Parnell,7.392,0.35294117647058826,0.29411764705882354
598068,1,5,6,DJ Bravo,8.166,0.3333333333333333,0.3333333333333333
598073,1,8,6,R Ashwin,7.171,0.16666666666666666,0.0
598073,1,12,6,R Ashwin,7.171,0.29411764705882354,0.058823529411764705
598073,1,15,6,DJ Bravo,8.166,0.3333333333333333,0.08333333333333333
598073,2,8,6,Harbhajan Singh,7.15,0.5833333333333334,0.08333333333333333
598073,2,12,6,PP Ojha,7.152,0.5,0.1111111111111111
598073,2,15,6,KA Pollard,8.931,0.3333333333333333,0.08333333333333333
729283,1,5,6,MG Johnson,8.209,0.4166666666666667,0.3333333333333333
729283,1,8,6,AR Patel,7.34,0.3888888888888889,0.05555555555555555
729283,1,15,6,MG Johnson,8.209,0.29411764705882354,0.35294117647058826
729283,2,5,6,R Ashwin,7.171,0.3,0.3
729283,2,8,6,P Negi,7.725,0.4166666666666667,0.08333333333333333
729283,2,12,6,P Negi,7.725,0.29411764705882354,0.29411764705882354
729285,1,5,6,JP Faulkner,8.578,0.08333333333333333,0.08333333333333333
729285,1,8,6,PV Tambe,7.802,0.25,0.08333333333333333
729285,1,12,6,PV Tambe,7.802,0.3333333333333333,0.05555555555555555
729285,2,5,6,B Kumar,7.775,0.5555555555555556,0.05555555555555555
729285,2,8,6,A Mishra,7.368,0.3333333333333333,0.0
729285,2,12,6,KV Sharma,8.407,0.16666666666666666,0.0
729285,2,15,6,A Mishra,7.368,0.3333333333333333,0.05555555555555555
729287,1,5,6,JA Morkel,8.198,0.5294117647058824,0.17647058823529413
729287,1,8,6,AB Dinda,8.338,0.6666666666666666,0.0
729287,1,12,6,Yuvraj Singh,7.454,0.2,0.0
729287,2,5,6,Z Khan,7.581,0.6111111111111112,0.1111111111111111
729287,2,8,6,PP Ojha,7.152,0.3333333333333333,0.0
729287,2,12,6,SL Malinga,6.983,0.5,0.2222222222222222
729289,1,5,6,JD Unadkat,8.955,0.3333333333333333,0.0
729289,1,8,6,S Nadeem,7.477,0.16666666666666666,0.0
729289,2,5,6,Shakib Al Hasan,7.433,0.5,0.16666666666666666
729289,2,12,6,SP Narine,6.887,0.25,0.0
729289,2,15,6,M Morkel,7.385,0.5,0.1111111111111111
729295,1,5,6,KV Sharma,8.407,0.8333333333333334,0.16666666666666666
729295,1,8,6,A Mishra,7.368,0.3333333333333333,0.08333333333333333
729295,1,12,6,A Mishra,7.368,0.2777777777777778,0.2777777777777778
729295,1,15,6,B Kumar,7.775,0.6666666666666666,0.05555555555555555
729295,2,5,6,R Dhawan,8.205,0.16666666666666666,0.3333333333333333
729295,2,8,6,R Dhawan,8.205,0.09090909090909091,0.2727272727272727
729295,2,12,6,AR Patel,7.34,0.5,0.05555555555555555
729295,2,15,6,MG Johnson,8.209,0.5,0.16666666666666666
729311,1,5,6,R Ashwin,7.171,0.3333333333333333,0.0
729311,1,8,6,RA Jadeja,7.679,0.25,0.16666666666666666
729311,1,15,6,R Ashwin,7.171,0.391304347826087,0.0
729311,2,5,6,KV Sharma,8.407,0.3333333333333333,0.16666666666666666
729311,2,8,6,A Mishra,7.368,0.16666666666666666,0.08333333333333333
729311,2,12,6,A Mishra,7.368,0.2777777777777778,0.1111111111111111
729311,2,15,6,B Kumar,7.775,0.6111111111111112,0.16666666666666666
733971,1,5,6,PP Chawla,7.797,0.5,0.3333333333333333
733971,1,8,6,R Vinay Kumar,8.412,0.4166666666666667,0.25
733971,1,15,6,SP Narine,6.887,0.30434782608695654,0.08695652173913043
733971,2,5,6,RA Jadeja,7.679,0.8333333333333334,0.0
733971,2,8,6,R Ashwin,7.171,0.3333333333333333,0.0
733973,1,5,6,SL Malinga,6.983,0.6666666666666666,0.16666666666666666
733973,1,8,6,SL Malinga,6.983,0.5,0.25
733973,2,5,6,MG Johnson,8.209,0.5454545454545454,0.18181818181818182
733973,2,8,6,AR Patel,7.34,0.3333333333333333,0.16666666666666666
733973,2,15,6,L Balaji,8.098,0.5,0.2222222222222222
733977,1,5,6,HV Patel,8.871,0.2,0.0
733977,1,8,6,YS Chahal,8.149,0.3333333333333333,0.0
733977,1,12,6,VR Aaron,8.7,0.3888888888888889,0.16666666666666666
733977,2,5,6,B Kumar,7.775,0.8333333333333334,0.05555555555555555
733977,2,8,6,KV Sharma,8.407,0.5,0.0
733977,2,12,6,DJG Sammy,8.585,0.5,0.16666666666666666
734017,1,5,6,KK Cooper,7.884,0.4,0.2
734017,1,8,6,DS Kulkarni,8.554,0.4444444444444444,0.1111111111111111
734017,1,12,6,R Bhatia,7.358,0.1111111111111111,0.1111111111111111
734017,2,5,6,K Santokie,10.0,0.45454545454545453,0.18181818181818182
734017,2,8,6,S Gopal,8.457,0.4,0.0
734017,2,12,6,S Gopal,8.457,0.5,0.0
734039,1,8,6,Karanveer Singh,10.346,0.08333333333333333,0.0
734039,1,12,6,Karanveer Singh,10.346,0.2222222222222222,0.05555555555555555
734039,1,15,6,AR Patel,7.34,0.4444444444444444,0.2222222222222222
734045,1,5,6,MM Sharma,8.674,0.3333333333333333,0.4166666666666667
734045,1,8,6,R Ashwin,7.171,0.5,0.08333333333333333
734045,1,15,6,A Nehra,7.386,0.3333333333333333,0.16666666666666666
734045,2,5,6,JJ Bumrah,7.296,0.16666666666666666,0.6666666666666666
734045,2,8,6,Harbhajan Singh,7.15,0.5833333333333334,0.08333333333333333
829707,1,5,6,JA Morkel,8.198,0.36363636363636365,0.36363636363636365
829707,1,8,6,Imran Tahir,7.584,0.5,0.16666666666666666
829707,2,5,6,MM Sharma,8.674,0.3888888888888889,0.16666666666666666
829707,2,8,6,IC Pandey,7.583,0.4166666666666667,0.16666666666666666
829707,2,12,6,DJ Bravo,8.166,0.2,0.0
829715,1,5,6,DJ Hooda,9.012,0.16666666666666666,0.0
829715,1,8,6,JP Faulkner,8.578,0.4,0.4
829715,1,12,6,JP Faulkner,8.578,0.5,0.25
829715,1,15,6,JP Faulkner,8.578,0.3333333333333333,0.2777777777777778
829715,2,5,6,NM Coulter-Nile,7.83,0.5,0.2222222222222222
829715,2,8,6,Imran Tahir,7.584,0.5,0.0
829715,2,12,6,AD Mathews,8.328,0.29411764705882354,0.17647058823529413
829715,2,15,6,Imran Tahir,7.584,0.3333333333333333,0.05555555555555555
829721,1,5,6,TG Southee,8.548,0.6666666666666666,0.16666666666666666
829721,1,8,6,JP Faulkner,8.578,1.0,0.0
829721,1,12,6,CH Morris,7.905,0.6111111111111112,0.2222222222222222
829721,1,15,6,TG Southee,8.548,0.5,0.2777777777777778
829721,2,5,6,SL Malinga,6.983,0.16666666666666666,0.16666666666666666
829721,2,8,6,J Suchith,8.6,0.16666666666666666,0.08333333333333333
829721,2,15,6,P Suyal,8.833,0.29411764705882354,0.23529411764705882
829733,1,5,6,M Morkel,7.385,0.5555555555555556,0.16666666666666666
829733,1,8,6,SP Narine,6.887,0.5833333333333334,0.08333333333333333
829733,1,12,6,PP Chawla,7.797,0.25,0.0
829733,1,15,6,SP Narine,6.887,0.5555555555555556,0.05555555555555555
829733,2,5,6,MG Johnson,8.209,0.3333333333333333,0.3333333333333333
829733,2,8,6,AR Patel,7.34,0.6666666666666666,0.0
829737,1,5,6,D Wiese,8.56,0.6666666666666666,0.0
829737,1,8,6,Iqbal Abdulla,7.307,0.4444444444444444,0.16666666666666666
829737,1,12,6,Iqbal Abdulla,7.307,0.4090909090909091,0.13636363636363635
829737,1,15,6,D Wiese,8.56,0.4117647058823529,0.17647058823529413
829737,2,5,6,JJ Bumrah,7.296,0.5,0.0
829737,2,8,6,Harbhajan Singh,7.15,0.5,0.16666666666666666
829737,2,12,6,SL Malinga,6.983,0.5294117647058824,0.17647058823529413
829737,2,15,6,HH Pandya,9.125,0.23529411764705882,0.23529411764705882
829759,1,5,6,Anureet Singh,9.185,0.5,0.3333333333333333
829759,1,8,6,M Vijay,13.0,0.25,0.0
829759,1,15,6,Anureet Singh,9.185,0.4444444444444444,0.2222222222222222
829759,2,5,6,P Kumar,7.672,0.5,0.5
829759,2,8,6,KV Sharma,8.407,0.16666666666666666,0.08333333333333333
829759,2,15,6,B Kumar,7.775,0.4444444444444444,0.1111111111111111
829767,1,5,6,NM Coulter-Nile,7.83,0.7272727272727273,0.09090909090909091
829767,1,8,6,JP Duminy,7.413,0.3333333333333333,0.0
829767,1,12,6,AD Mathews,8.328,0.6,0.0
829767,1,15,6,Imran Tahir,7.584,0.36363636363636365,0.2727272727272727
829767,2,5,6,Anureet Singh,9.185,0.4166666666666667,0.08333333333333333
829767,2,8,6,SN Thakur,9.331,0.2727272727272727,0.36363636363636365
829775,1,5,6,AR Patel,7.34,0.3333333333333333,0.0
829775,1,8,6,Karanveer Singh,10.346,0.08333333333333333,0.16666666666666666
829775,1,12,6,Karanveer Singh,10.346,0.2777777777777778,0.16666666666666666
829775,2,5,6,R Vinay Kumar,8.412,0.5833333333333334,0.08333333333333333
829775,2,8,6,J Suchith,8.6,0.23529411764705882,0.11764705882352941
829775,2,15,6,MJ McClenaghan,8.421,0.4444444444444444,0.1111111111111111
829795,1,5,6,J Suchith,8.6,0.3333333333333333,0.3333333333333333
829795,1,8,6,J Suchith,8.6,0.25,0.3333333333333333
829795,1,12,6,SL Malinga,6.983,0.6111111111111112,0.1111111111111111
829795,2,5,6,HV Patel,8.871,0.3333333333333333,0.16666666666666666
829795,2,8,6,HV Patel,8.871,0.4166666666666667,0.08333333333333333
829795,2,12,6,MA Starc,8.557,0.2222222222222222,0.3333333333333333
829795,2,15,6,YS Chahal,8.149,0.16666666666666666,0.2222222222222222
829807,1,5,6,AB Dinda,8.338,0.2,0.1
829809,1,8,6,R Ashwin,7.171,0.7272727272727273,0.09090909090909091
829809,1,15,6,P Negi,7.725,0.4782608695652174,0.13043478260869565
829809,2,5,6,R Dhawan,8.205,0.6,0.2
829809,2,8,6,Anureet Singh,9.185,0.3333333333333333,0.0
829811,1,5,6,Shakib Al Hasan,7.433,0.3333333333333333,0.3333333333333333
829811,1,8,6,AD Russell,9.308,0.16666666666666666,0.3333333333333333
829811,1,12,6,AD Russell,9.308,0.3333333333333333,0.16666666666666666
829811,1,15,6,M Morkel,7.385,0.35294117647058826,0.17647058823529413
829811,2,5,6,DS Kulkarni,8.554,0.5454545454545454,0.09090909090909091
829811,2,8,6,DS Kulkarni,8.554,0.5,0.16666666666666666
829811,2,12,6,BB Sran,10.038,0.35294117647058826,0.29411764705882354
829811,2,15,6,SR Watson,7.743,0.3333333333333333,0.26666666666666666
980907,1,5,6,Mustafizur Rahman,8.389,0.5,0.08333333333333333
980907,1,8,6,MC Henriques,7.953,0.4166666666666667,0.08333333333333333
980907,1,12,6,KV Sharma,8.407,0.1111111111111111,0.2777777777777778
980907,1,15,6,B Kumar,7.775,0.4117647058823529,0.23529411764705882
980907,2,5,6,Parvez Rasool,8.393,0.5833333333333334,0.08333333333333333
980907,2,8,6,SR Watson,7.743,0.4166666666666667,0.08333333333333333
980907,2,12,6,Parvez Rasool,8.393,0.5,0.1111111111111111
980907,2,15,6,SR Watson,7.743,0.3888888888888889,0.1111111111111111
980915,1,5,6,UT Yadav,8.358,0.4444444444444444,0.1111111111111111
980915,1,8,6,SP Narine,6.887,0.3333333333333333,0.0
980915,1,12,6,SP Narine,6.887,0.3888888888888889,0.1111111111111111
980915,1,15,6,M Morkel,7.385,0.5555555555555556,0.16666666666666666
980915,2,5,6,BB Sran,10.038,0.5,0.16666666666666666
980915,2,8,6,B Kumar,7.775,0.4117647058823529,0.11764705882352941
980915,2,12,6,A Ashish Reddy,8.9,0.6666666666666666,0.0
980915,2,15,6,BB Sran,10.038,0.4782608695652174,0.21739130434782608
980947,1,5,6,Harbhajan Singh,7.15,0.16666666666666666,0.16666666666666666
980947,1,15,6,TG Southee,8.548,0.3333333333333333,0.16666666666666666
980947,2,5,6,JD Unadkat,8.955,0.3333333333333333,0.4166666666666667
980947,2,8,6,SP Narine,6.887,0.3333333333333333,0.08333333333333333
980947,2,12,6,SP Narine,6.887,0.5,0.1111111111111111
980947,2,15,6,R Sathish,10.4,0.2727272727272727,0.2727272727272727
980967,1,5,6,Mustafizur Rahman,8.389,0.6666666666666666,0.0
980967,1,8,6,Yuvraj Singh,7.454,0.2,0.0
980967,1,12,6,A Nehra,7.386,0.6111111111111112,0.1111111111111111
980967,2,5,6,DS Kulkarni,8.554,0.6666666666666666,0.16666666666666666
980967,2,8,6,S Kaushik,9.067,0.5454545454545454,0.09090909090909091
980979,1,8,6,R Ashwin,7.171,0.5,0.08333333333333333
980979,1,15,6,A Zampa,8.403,0.4166666666666667,0.0
980979,2,5,6,BB Sran,10.038,0.6666666666666666,0.16666666666666666
980979,2,8,6,MC Henriques,7.953,0.25,0.08333333333333333
980979,2,12,6,Mustafizur Rahman,8.389,0.3333333333333333,0.08333333333333333
980991,1,5,6,BCJ Cutting,8.594,0.3333333333333333,0.3333333333333333
980991,1,8,6,KV Sharma,8.407,0.4166666666666667,0.0
980991,2,8,6,AR Patel,7.34,0.25,0.0
980991,2,12,6,AR Patel,7.34,0.2777777777777778,0.1111111111111111
980991,2,15,6,Sandeep Sharma,8.236,0.2777777777777778,0.16666666666666666
980993,1,5,6,S Nadeem,7.477,0.3333333333333333,0.25
980993,1,8,6,A Mishra,7.368,0.3333333333333333,0.25
980993,1,12,6,Imran Tahir,7.584,0.1111111111111111,0.3333333333333333
980993,2,5,6,JJ Bumrah,7.296,0.6666666666666666,0.0
980993,2,12,6,JJ Bumrah,7.296,0.5,0.0
980993,2,15,6,JJ Bumrah,7.296,0.5555555555555556,0.0
980995,1,5,6,SR Watson,7.743,0.5,0.3333333333333333
980995,1,8,6,YS Chahal,8.149,0.2,0.3
980995,2,5,6,PP Chawla,7.797,0.3333333333333333,0.16666666666666666
980995,2,8,6,AS Rajpoot,8.687,0.5,0.16666666666666666
980995,2,12,6,Shakib Al Hasan,7.433,0.2727272727272727,0.09090909090909091
980997,1,5,6,NLTC Perera,8.201,0.5,0.0
980997,1,8,6,IK Pathan,7.675,0.4166666666666667,0.08333333333333333
980997,1,12,6,A Zampa,8.403,0.25,0.0
980997,1,15,6,R Ashwin,7.171,0.4444444444444444,0.05555555555555555
980997,2,5,6,CH Morris,7.905,0.7272727272727273,0.09090909090909091
981009,1,5,6,DJ Hooda,9.012,0.3333333333333333,0.16666666666666666
981009,1,8,6,KV Sharma,8.407,0.25,0.16666666666666666
981009,1,12,6,Mustafizur Rahman,8.389,0.09090909090909091,0.18181818181818182
981009,1,15,6,B Kumar,7.775,0.16666666666666666,0.16666666666666666
981009,2,5,6,SP Narine,6.887,0.5833333333333334,0.16666666666666666
981009,2,8,6,JO Holder,8.705,0.45454545454545453,0.09090909090909091
981009,2,12,6,SP Narine,6.887,0.6111111111111112,0.1111111111111111
981009,2,15,6,Kuldeep Yadav,8.098,0.4782608695652174,0.13043478260869565
1082591,1,5,6,SR Watson,7.743,0.16666666666666666,0.6666666666666666
1082591,1,8,6,YS Chahal,8.149,0.16666666666666666,0.0
1082591,1,12,6,A Choudhary,6.935,0.29411764705882354,0.35294117647058826
1082591,2,5,6,Rashid Khan,7.335,0.6666666666666666,0.16666666666666666
1082591,2,8,6,BCJ Cutting,8.594,0.5454545454545454,0.18181818181818182
1082591,2,12,6,Rashid Khan,7.335,0.3333333333333333,0.2222222222222222
1082591,2,15,6,BCJ Cutting,8.594,0.4444444444444444,0.2222222222222222
1082600,1,5,6,JJ Bumrah,7.296,0.4166666666666667,0.08333333333333333
1082600,1,8,6,MJ McClenaghan,8.421,0.3333333333333333,0.4166666666666667
1082600,1,12,6,KH Pandya,7.612,0.0,0.25
1082600,1,15,6,HH Pandya,9.125,0.5625,0.1875
1082600,2,5,6,Mustafizur Rahman,8.389,0.16666666666666666,0.6666666666666666
1082600,2,8,6,BCJ Cutting,8.594,0.5,0.0
1082600,2,12,6,Mustafizur Rahman,8.389,0.18181818181818182,0.45454545454545453
1082606,1,5,6,SL Malinga,6.983,0.3333333333333333,0.3333333333333333
1082606,1,8,6,KH Pandya,7.612,0.3333333333333333,0.08333333333333333
1082606,1,12,6,JJ Bumrah,7.296,0.4166666666666667,0.16666666666666666
1082606,1,15,6,MJ McClenaghan,8.421,0.5882352941176471,0.058823529411764705
1082606,2,5,6,AJ Tye,8.419,0.3333333333333333,0.16666666666666666
1082606,2,8,6,RA Jadeja,7.679,0.08333333333333333,0.16666666666666666
1082606,2,12,6,Basil Thampi,9.224,0.2222222222222222,0.16666666666666666
1082614,1,5,6,CH Morris,7.905,0.6666666666666666,0.16666666666666666
1082614,1,8,6,A Mishra,7.368,0.6666666666666666,0.08333333333333333
1082614,1,12,6,A Mishra,7.368,0.7058823529411765,0.058823529411764705
1082614,1,15,6,PJ Cummins,8.836,0.4444444444444444,0.05555555555555555
1082614,2,5,6,JJ Bumrah,7.296,1.0,0.0
1082614,2,8,6,HH Pandya,9.125,0.36363636363636365,0.09090909090909091
1082614,2,12,6,MG Johnson,8.209,0.5652173913043478,0.13043478260869565
1082614,2,15,6,MJ McClenaghan,8.421,0.5555555555555556,0.05555555555555555
1082623,1,5,6,I Sharma,8.38,0.4444444444444444,0.1111111111111111
1082623,1,15,6,GJ Maxwell,8.395,0.2222222222222222,0.1111111111111111
1082623,2,8,6,S Kaul,8.809,0.4166666666666667,0.08333333333333333
1082623,2,15,6,B Kumar,7.775,0.4444444444444444,0.16666666666666666
1082625,1,5,6,SL Malinga,6.983,0.5833333333333334,0.16666666666666666
1082625,1,8,6,KH Pandya,7.612,0.7272727272727273,0.09090909090909091
1082625,1,12,6,JJ Bumrah,7.296,0.5833333333333334,0.08333333333333333
1082625,2,8,6,SK Raina,7.402,0.2222222222222222,0.05555555555555555
1082625,2,15,6,JP Faulkner,8.578,0.3333333333333333,0.2222222222222222
1082627,1,5,6,Kuldeep Yadav,8.098,0.4,0.4
1082627,1,8,6,NM Coulter-Nile,7.83,0.5454545454545454,0.18181818181818182
1082627,1,12,6,CR Woakes,8.886,0.4166666666666667,0.3333333333333333
1082627,2,5,6,MC Henriques,7.953,0.16666666666666666,0.16666666666666666
1082627,2,8,6,Rashid Khan,7.335,0.3333333333333333,0.25
1082627,2,12,6,Mohammed Siraj,8.729,0.5555555555555556,0.1111111111111111
1082627,2,15,6,Rashid Khan,7.335,0.2608695652173913,0.17391304347826086
1082638,1,5,6,Mohammad Nabi,7.627,0.6666666666666666,0.05555555555555555
1082638,1,8,6,Rashid Khan,7.335,0.3333333333333333,0.16666666666666666
1082638,1,12,6,B Kumar,7.775,0.4166666666666667,0.08333333333333333
1082638,1,15,6,Mohammed Siraj,8.729,0.35294117647058826,0.17647058823529413
1082638,2,5,6,MJ McClenaghan,8.421,0.5,0.08333333333333333
1082638,2,12,6,JJ Bumrah,7.296,0.6666666666666666,0.16666666666666666
1082638,2,15,6,JJ Bumrah,7.296,0.4444444444444444,0.1111111111111111
1082639,1,5,6,SP Narine,6.887,0.5833333333333334,0.16666666666666666
1082639,1,8,6,CR Woakes,8.886,0.5454545454545454,0.0
1082639,1,12,6,AS Rajpoot,8.687,0.3333333333333333,0.3333333333333333
1082639,1,15,6,Kuldeep Yadav,8.098,0.3333333333333333,0.16666666666666666
1082639,2,5,6,MJ Henry,12.105,0.3333333333333333,0.3333333333333333
1082639,2,8,6,Swapnil Singh,8.88,0.0,0.0
1082639,2,15,6,Sandeep Sharma,8.236,0.2222222222222222,0.2222222222222222
1082642,1,5,6,SN Thakur,9.331,0.4166666666666667,0.25
1082642,1,8,6,A Zampa,8.403,0.4166666666666667,0.25
1082642,1,12,6,A Zampa,8.403,0.3888888888888889,0.16666666666666666
1082642,2,5,6,Mohammed Shami,8.586,0.2727272727272727,0.2727272727272727
1082642,2,8,6,A Mishra,7.368,0.25,0.16666666666666666
1082642,2,12,6,PJ Cummins,8.836,0.5,0.16666666666666666
1082642,2,15,6,Mohammed Shami,8.586,0.35294117647058826,0.23529411764705882
1082647,1,5,6,SL Malinga,6.983,0.5833333333333334,0.0
1082647,1,12,6,KV Sharma,8.407,0.3888888888888889,0.1111111111111111
1082647,2,5,6,Washington Sundar,7.575,0.6666666666666666,0.08333333333333333
1082647,2,8,6,SN Thakur,9.331,0.16666666666666666,0.3333333333333333
1082647,2,15,6,DT Christian,8.035,0.35294117647058826,0.11764705882352941
1136565,1,8,6,SR Watson,7.743,0.45454545454545453,0.36363636363636365
1136565,1,12,6,Imran Tahir,7.584,0.5555555555555556,0.16666666666666666
1136565,1,15,6,SN Thakur,9.331,0.4444444444444444,0.16666666666666666
1136565,2,5,6,TK Curran,11.0,0.3333333333333333,0.3333333333333333
1136565,2,8,6,Kuldeep Yadav,8.098,0.5,0.0
1136565,2,12,6,PP Chawla,7.797,0.2222222222222222,0.3333333333333333
1136566,1,5,6,CH Morris,7.905,0.25,0.08333333333333333
1136566,1,8,6,S Nadeem,7.477,0.08333333333333333,0.25
1136566,1,12,6,Mohammed Shami,8.586,0.4166666666666667,0.25
1136566,1,15,6,R Tewatia,8.273,0.2608695652173913,0.08695652173913043
1136567,1,5,6,S Kaul,8.809,0.6666666666666666,0.16666666666666666
1136567,1,8,6,Shakib Al Hasan,7.433,0.5454545454545454,0.18181818181818182
1136567,1,12,6,Rashid Khan,7.335,0.7222222222222222,0.05555555555555555
1136567,2,5,6,JJ Bumrah,7.296,0.16666666666666666,0.3333333333333333
1136567,2,8,6,M Markande,9.526,0.4166666666666667,0.16666666666666666
1136567,2,15,6,Mustafizur Rahman,8.389,0.2777777777777778,0.16666666666666666
1136570,1,5,6,Rashid Khan,7.335,0.3333333333333333,0.3333333333333333
1136570,1,8,6,Shakib Al Hasan,7.433,0.4166666666666667,0.0
1136570,1,15,6,Rashid Khan,7.335,0.2222222222222222,0.1111111111111111
1136570,2,5,6,SP Narine,6.887,0.7272727272727273,0.0
1136570,2,8,6,Kuldeep Yadav,8.098,0.4166666666666667,0.0
1136570,2,12,6,SP Narine,6.887,0.5,0.0
1136571,1,5,6,CR Woakes,8.886,0.45454545454545453,0.18181818181818182
1136571,1,8,6,Washington Sundar,7.575,0.3333333333333333,0.1111111111111111
1136571,1,12,6,YS Chahal,8.149,0.5,0.16666666666666666
1136571,1,15,6,UT Yadav,8.358,0.3125,0.25
1136571,2,5,6,BA Stokes,8.406,0.0,0.4
1136571,2,8,6,S Gopal,8.457,0.5,0.16666666666666666
1136571,2,15,6,BA Stokes,8.406,0.36363636363636365,0.18181818181818182
1136572,1,5,6,DL Chahar,7.917,0.4117647058823529,0.4117647058823529
1136572,1,8,6,SR Watson,7.743,0.16666666666666666,0.0
1136572,1,12,6,Imran Tahir,7.584,0.4166666666666667,0.3333333333333333
1136572,1,15,6,SN Thakur,9.331,0.25,0.25
1136572,2,5,6,Mujeeb Ur Rahman,8.511,0.3333333333333333,0.16666666666666666
1136572,2,8,6,R Ashwin,7.171,0.3,0.1
1136572,2,12,6,R Ashwin,7.171,0.2222222222222222,0.1111111111111111
1136572,2,15,6,BB Sran,10.038,0.4090909090909091,0.13636363636363635
1136573,1,5,6,S Nadeem,7.477,0.3333333333333333,0.3333333333333333
1136573,1,8,6,R Tewatia,8.273,0.4166666666666667,0.16666666666666666
1136573,1,12,6,Mohammed Shami,8.586,0.3333333333333333,0.0
1136573,1,15,6,CH Morris,7.905,0.4444444444444444,0.3333333333333333
1136573,2,5,6,SP Narine,6.887,0.16666666666666666,0.3333333333333333
1136573,2,8,6,Kuldeep Yadav,8.098,0.16666666666666666,0.16666666666666666
1136573,2,12,6,Kuldeep Yadav,8.098,0.2777777777777778,0.2222222222222222
1136576,1,5,6,S Kaul,8.809,0.16666666666666666,0.3333333333333333
1136576,1,8,6,DJ Hooda,9.012,0.45454545454545453,0.18181818181818182
1136576,1,12,6,CJ Jordan,9.827,0.5,0.1111111111111111
1136576,1,15,6,B Kumar,7.775,0.4444444444444444,0.05555555555555555
1136576,2,5,6,BB Sran,10.038,0.5555555555555556,0.0
1136576,2,8,6,R Ashwin,7.171,0.0,0.16666666666666666
1136576,2,12,6,MM Sharma,8.674,0.2222222222222222,0.3333333333333333
1136576,2,15,6,Mujeeb Ur Rahman,8.511,0.21739130434782608,0.043478260869565216
1136583,1,8,6,HH Pandya,9.125,0.47058823529411764,0.17647058823529413
1136583,1,12,6,KH Pandya,7.612,0.2727272727272727,0.09090909090909091
1136583,2,5,6,Shakib Al Hasan,7.433,0.6666666666666666,0.0
1136583,2,8,6,S Kaul,8.809,0.4166666666666667,0.25
1136583,2,15,6,S Kaul,8.809,0.5,0.16666666666666666
1136584,1,8,6,Imran Tahir,7.584,0.3333333333333333,0.0
1136584,1,12,6,SN Thakur,9.331,0.5,0.2222222222222222
1136584,2,5,6,UT Yadav,8.358,0.6111111111111112,0.16666666666666666
1136584,2,8,6,YS Chahal,8.149,0.5454545454545454,0.18181818181818182
1136584,2,12,6,YS Chahal,8.149,0.4782608695652174,0.08695652173913043
1136584,2,15,6,CJ Anderson,10.361,0.18181818181818182,0.18181818181818182
1136588,1,5,6,JD Unadkat,8.955,0.3333333333333333,0.0
1136588,1,8,6,IS Sodhi,6.292,0.08333333333333333,0.16666666666666666
1136588,1,12,6,JC Archer,7.92,0.4166666666666667,0.16666666666666666
1136588,2,5,6,S Kaul,8.809,0.3333333333333333,0.16666666666666666
1136588,2,8,6,Shakib Al Hasan,7.433,0.1111111111111111,0.1111111111111111
1136588,2,15,6,Rashid Khan,7.335,0.1111111111111111,0.05555555555555555
1136597,1,5,6,PP Chawla,7.797,0.5,0.5
1136597,1,15,6,M Prasidh Krishna,8.878,0.2777777777777778,0.2222222222222222
1136597,2,5,6,HH Pandya,9.125,0.7272727272727273,0.09090909090909091
1136597,2,8,6,KH Pandya,7.612,0.3333333333333333,0.25
1136597,2,12,6,M Markande,9.526,0.5,0.25
1136606,1,5,6,DL Chahar,7.917,0.7647058823529411,0.0
1136606,1,8,6,SR Watson,7.743,0.6666666666666666,0.0
1136606,1,15,6,DJ Bravo,8.166,0.25,0.3333333333333333
1136606,2,5,6,Shakib Al Hasan,7.433,0.3333333333333333,0.3333333333333333
1136606,2,8,6,Rashid Khan,7.335,0.4166666666666667,0.16666666666666666
1136606,2,12,6,B Kumar,7.775,0.3888888888888889,0.2222222222222222
1136608,1,5,6,Mohammed Siraj,8.729,0.5,0.16666666666666666
1136608,1,8,6,C de Grandhomme,8.375,0.6,0.0
1136608,2,5,6,AJ Tye,8.419,0.4444444444444444,0.2222222222222222
1136611,1,5,6,S Kaul,8.809,0.6666666666666666,0.16666666666666666
1136611,1,8,6,Shakib Al Hasan,7.433,0.2777777777777778,0.16666666666666666
1136611,1,12,6,Basil Thampi,9.224,0.0,0.5454545454545454
1136611,1,15,6,Basil Thampi,9.224,0.1111111111111111,0.4444444444444444
1136611,2,5,6,YS Chahal,8.149,0.4166666666666667,0.16666666666666666
1136611,2,8,6,TG Southee,8.548,0.3333333333333333,0.3333333333333333
1136611,2,12,6,C de Grandhomme,8.375,0.0,0.16666666666666666
1136611,2,15,6,YS Chahal,8.149,0.391304347826087,0.13043478260869565
1175358,1,5,6,HH Pandya,9.125,0.0,0.16666666666666666
1175358,1,8,6,KH Pandya,7.612,0.16666666666666666,0.16666666666666666
1175358,1,12,6,BCJ Cutting,8.594,0.3333333333333333,0.3333333333333333
1175358,1,15,6,HH Pandya,9.125,0.34782608695652173,0.21739130434782608
1175358,2,5,6,I Sharma,8.38,0.6111111111111112,0.2222222222222222
1175358,2,8,6,KMA Paul,10.5,0.4,0.2
1175358,2,12,6,KMA Paul,10.5,0.47058823529411764,0.17647058823529413
1175359,1,5,6,JC Archer,7.92,0.8333333333333334,0.0
1175359,1,8,6,K Gowtham,8.721,0.5294117647058824,0.11764705882352941
1175359,1,15,6,BA Stokes,8.406,0.35294117647058826,0.29411764705882354
1175359,2,5,6,SM Curran,9.513,0.3333333333333333,0.5833333333333334
1175359,2,8,6,R Ashwin,7.171,0.08333333333333333,0.0
1175359,2,15,6,Mohammed Shami,8.586,0.3333333333333333,0.2222222222222222
1175362,1,5,6,Navdeep Saini,8.643,0.5555555555555556,0.2777777777777778
1175362,1,8,6,YS Chahal,8.149,0.3333333333333333,0.08333333333333333
1175362,1,15,6,YS Chahal,8.149,0.2608695652173913,0.17391304347826086
1175362,2,5,6,KH Pandya,7.612,0.3333333333333333,0.3333333333333333
1175362,2,8,6,M Markande,9.526,0.4166666666666667,0.08333333333333333
1175362,2,15,6,SL Malinga,6.983,0.23529411764705882,0.17647058823529413
1175369,1,5,6,K Gowtham,8.721,0.3333333333333333,0.05555555555555555
1175369,1,8,6,S Gopal,8.457,0.75,0.08333333333333333
1175369,1,12,6,BA Stokes,8.406,0.3333333333333333,0.3333333333333333
1175369,2,5,6,Navdeep Saini,8.643,0.5555555555555556,0.3333333333333333
1175369,2,8,6,MP Stoinis,9.85,0.16666666666666666,0.3333333333333333
1175369,2,12,6,YS Chahal,8.149,0.47058823529411764,0.0
1178399,1,5,6,JJ Bumrah,7.296,0.4166666666666667,0.08333333333333333
1178399,1,8,6,HH Pandya,9.125,0.0,0.75
1178399,2,5,6,GC Viljoen,9.895,0.0,0.16666666666666666
1178399,2,8,6,R Ashwin,7.171,0.5,0.0
1178399,2,12,6,GC Viljoen,9.895,0.29411764705882354,0.11764705882352941
1178399,2,15,6,Mohammed Shami,8.586,0.625,0.0
1178405,1,5,6,KK Ahmed,8.631,0.5555555555555556,0.2222222222222222
1178405,1,8,6,V Shankar,8.811,0.16666666666666666,0.16666666666666666
1178405,1,12,6,Sandeep Sharma,8.236,0.5,0.25
1178405,1,15,6,B Kumar,7.775,0.5,0.1111111111111111
1178405,2,5,6,K Rabada,8.73,0.4166666666666667,0.16666666666666666
1178405,2,12,6,A Mishra,7.368,0.5,0.0
1178409,1,5,6,KMA Paul,10.5,0.4,0.4
1178409,1,8,6,A Mishra,7.368,0.5,0.08333333333333333
1178409,1,12,6,KMA Paul,10.5,0.3333333333333333,0.16666666666666666
1178409,1,15,6,K Rabada,8.73,0.3333333333333333,0.16666666666666666
1178409,2,5,6,J Yadav,6.944,0.4166666666666667,0.16666666666666666
1178409,2,8,6,RD Chahar,7.734,0.5555555555555556,0.1111111111111111
1178409,2,15,6,JJ Bumrah,7.296,0.4444444444444444,0.05555555555555555
1178422,1,5,6,SL Malinga,6.983,0.3333333333333333,0.16666666666666666
1178422,1,12,6,HH Pandya,9.125,0.75,0.0
1178422,1,15,6,HH Pandya,9.125,0.5833333333333334,0.08333333333333333
1178422,2,5,6,HF Gurney,8.739,0.4166666666666667,0.16666666666666666
1178422,2,8,6,AD Russell,9.308,0.5833333333333334,0.16666666666666666
1178422,2,12,6,HF Gurney,8.739,0.3333333333333333,0.2222222222222222
1178422,2,15,6,PP Chawla,7.797,0.16666666666666666,0.4444444444444444
1178428,1,5,6,I Sharma,8.38,0.6666666666666666,0.2222222222222222
1178428,1,8,6,KMA Paul,10.5,0.3333333333333333,0.16666666666666666
1178428,1,12,6,AR Patel,7.34,0.5,0.05555555555555555
1178428,1,15,6,KMA Paul,10.5,0.47058823529411764,0.058823529411764705
1178428,2,5,6,IS Sodhi,6.292,0.6666666666666666,0.25
1178428,2,8,6,K Gowtham,8.721,0.4166666666666667,0.0
1178429,1,5,6,YS Chahal,8.149,0.4166666666666667,0.25
1178429,1,8,6,K Khejroliya,9.534,0.5,0.08333333333333333
1178429,1,15,6,YS Chahal,8.149,0.43478260869565216,0.13043478260869565
1178429,2,5,6,KK Ahmed,8.631,0.2777777777777778,0.2777777777777778
1178429,2,8,6,Mohammad Nabi,7.627,0.16666666666666666,0.16666666666666666
1178429,2,12,6,B Kumar,7.775,0.5555555555555556,0.16666666666666666
1178429,2,15,6,V Shankar,8.811,0.0,0.6
1181764,1,5,6,KH Pandya,7.612,0.5833333333333334,0.25
1181764,1,8,6,KH Pandya,7.612,0.6111111111111112,0.16666666666666666
1181764,1,12,6,RD Chahar,7.734,0.5555555555555556,0.05555555555555555
1181764,2,5,6,Harbhajan Singh,7.15,0.6666666666666666,0.16666666666666666
1181764,2,8,6,Imran Tahir,7.584,0.16666666666666666,0.0
1181764,2,12,6,RA Jadeja,7.679,0.5,0.08333333333333333
1216500,1,5,6,AJ Tye,8.419,0.4,0.2
1216500,1,12,6,AJ Tye,8.419,0.25,0.16666666666666666
1216500,1,15,6,AJ Tye,8.419,0.2222222222222222,0.2222222222222222
1216500,2,5,6,HV Patel,8.871,0.5,0.16666666666666666
1216500,2,8,6,A Nortje,9.118,0.6666666666666666,0.0
1216500,2,12,6,MP Stoinis,9.85,0.45454545454545453,0.18181818181818182
1216500,2,15,6,HV Patel,8.871,0.35294117647058826,0.058823529411764705
1216503,1,5,6,K Gowtham,8.721,0.16666666666666666,0.3333333333333333
1216503,1,8,6,Ravi Bishnoi,8.406,0.4166666666666667,0.08333333333333333
1216503,1,15,6,JDS Neesham,8.308,0.2222222222222222,0.2777777777777778
1216503,2,5,6,KH Pandya,7.612,0.4166666666666667,0.0
1216503,2,8,6,RD Chahar,7.734,0.45454545454545453,0.0
1216503,2,15,6,JJ Bumrah,7.296,0.6111111111111112,0.05555555555555555
1216506,1,5,6,L Ngidi,8.566,0.5,0.3333333333333333
1216506,1,8,6,L Ngidi,8.566,0.6666666666666666,0.16666666666666666
1216506,1,12,6,RA Jadeja,7.679,0.5,0.0
1216506,2,5,6,Ravi Bishnoi,8.406,0.6666666666666666,0.3333333333333333
1216506,2,8,6,M Ashwin,8.123,0.3333333333333333,0.0
1216506,2,12,6,M Ashwin,8.123,0.3333333333333333,0.0
1216512,1,5,6,T Natarajan,9.23,0.3333333333333333,0.25
1216512,1,8,6,V Shankar,8.811,0.5,0.16666666666666666
1216512,1,15,6,Sandeep Sharma,8.236,0.3333333333333333,0.05555555555555555
1216512,2,5,6,Shivam Mavi,8.804,0.45454545454545453,0.2727272727272727
1216512,2,8,6,LH Ferguson,9.271,0.6666666666666666,0.0
1216512,2,12,6,Kuldeep Yadav,8.098,0.4166666666666667,0.0
1216513,1,5,6,SN Thakur,9.331,0.16666666666666666,0.16666666666666666
1216513,1,8,6,PP Chawla,7.797,0.3333333333333333,0.0
1216513,1,12,6,DJ Bravo,8.166,0.3333333333333333,0.16666666666666666
1216513,2,5,6,CJ Jordan,9.827,0.0,0.6666666666666666
1216513,2,8,6,Ravi Bishnoi,8.406,0.2727272727272727,0.2727272727272727
1216513,2,12,6,Harpreet Brar,8.018,0.2777777777777778,0.2222222222222222
1216515,1,5,6,CV Varun,7.625,0.4166666666666667,0.16666666666666666
1216515,1,8,6,AD Russell,9.308,0.4166666666666667,0.0
1216515,1,12,6,KL Nagarkoti,9.259,0.08333333333333333,0.25
1216515,2,5,6,HV Patel,8.871,0.2,0.4
1216515,2,8,6,A Mishra,7.368,0.45454545454545453,0.09090909090909091
1216515,2,12,6,HV Patel,8.871,0.2777777777777778,0.16666666666666666
1216515,2,15,6,K Rabada,8.73,0.3888888888888889,0.2222222222222222
1216516,1,5,6,SN Thakur,9.331,0.3333333333333333,0.16666666666666666
1216516,1,8,6,PP Chawla,7.797,0.16666666666666666,0.16666666666666666
1216516,1,15,6,SN Thakur,9.331,0.4117647058823529,0.11764705882352941
1216516,2,5,6,T Natarajan,9.23,0.5833333333333334,0.25
1216516,2,8,6,Abdul Samad,12.444,0.6666666666666666,0.0
1216516,2,12,6,KK Ahmed,8.631,0.5,0.1111111111111111
1216528,1,5,6,S Nadeem,7.477,0.6666666666666666,0.16666666666666666
1216528,1,8,6,Rashid Khan,7.335,0.5,0.0
1216528,1,12,6,Rashid Khan,7.335,0.4444444444444444,0.05555555555555555
1216528,1,15,6,KK Ahmed,8.631,0.4444444444444444,0.2777777777777778
1216528,2,8,6,SN Thakur,9.331,0.16666666666666666,0.0
1216528,2,12,6,KV Sharma,8.407,0.2727272727272727,0.0
1216531,1,5,6,Ravi Bishnoi,8.406,0.4,0.2
1216531,1,8,6,M Ashwin,8.123,0.3333333333333333,0.08333333333333333
1216531,1,12,6,Ravi Bishnoi,8.406,0.5,0.08333333333333333
1216531,1,15,6,CJ Jordan,9.827,0.2727272727272727,0.0
1216531,2,5,6,I Udana,9.926,0.16666666666666666,0.16666666666666666
1216531,2,8,6,Washington Sundar,7.575,0.3333333333333333,0.0
1216531,2,12,6,Washington Sundar,7.575,0.2222222222222222,0.1111111111111111
1216531,2,15,6,Mohammed Siraj,8.729,0.11764705882352941,0.35294117647058826
1216532,1,5,6,A Nortje,9.118,0.3333333333333333,0.16666666666666666
1216532,1,8,6,I Sharma,8.38,0.25,0.0625
1216532,1,15,6,A Nortje,9.118,0.2777777777777778,0.2222222222222222
1216532,2,5,6,T Natarajan,9.23,0.5,0.16666666666666666
1216532,2,8,6,Abhishek Sharma,9.273,0.16666666666666666,0.0
1216532,2,15,6,B Kumar,7.775,0.6666666666666666,0.16666666666666666
1216541,1,5,6,AS Rajpoot,8.687,0.3888888888888889,0.2777777777777778
1216541,1,8,6,S Gopal,8.457,0.25,0.16666666666666666
1216541,1,12,6,S Gopal,8.457,0.3888888888888889,0.16666666666666666
1216541,1,15,6,Kartik Tyagi,9.624,0.3333333333333333,0.1111111111111111
1216541,2,5,6,KH Pandya,7.612,0.5,0.3333333333333333
1216541,2,8,6,KA Pollard,8.931,0.2727272727272727,0.09090909090909091
1216541,2,12,6,JL Pattinson,8.947,0.5294117647058824,0.23529411764705882
1216541,2,15,6,TA Boult,8.523,0.2777777777777778,0.3333333333333333
1216542,1,5,6,Mujeeb Ur Rahman,8.511,0.4166666666666667,0.08333333333333333
1216542,1,8,6,Mujeeb Ur Rahman,8.511,0.2777777777777778,0.1111111111111111
1216542,1,12,6,Mohammed Shami,8.586,0.3888888888888889,0.2222222222222222
1216542,1,15,6,Ravi Bishnoi,8.406,0.5,0.25
1216542,2,5,6,T Natarajan,9.23,0.5,0.16666666666666666
1216542,2,12,6,Rashid Khan,7.335,0.3888888888888889,0.0
1254058,1,5,6,YS Chahal,8.149,0.4166666666666667,0.3333333333333333
1254058,1,8,6,DT Christian,8.035,0.0,0.4
1254058,1,15,6,HV Patel,8.871,0.3333333333333333,0.25
1254058,2,5,6,TA Boult,8.523,0.6470588235294118,0.17647058823529413
1254058,2,8,6,KH Pandya,7.612,0.3888888888888889,0.05555555555555555
1254058,2,12,6,JJ Bumrah,7.296,0.5,0.0
1254074,1,5,6,Mohammed Shami,8.586,0.3333333333333333,0.0
1254074,1,8,6,Ravi Bishnoi,8.406,0.5,0.0
1254074,1,12,6,Arshdeep Singh,9.239,0.45454545454545453,0.18181818181818182
1254074,1,15,6,Mohammed Shami,8.586,0.25,0.08333333333333333
1254074,2,5,6,JJ Bumrah,7.296,0.5833333333333334,0.16666666666666666
1254074,2,8,6,J Yadav,6.944,0.8333333333333334,0.0
1254074,2,12,6,J Yadav,6.944,0.6111111111111112,0.1111111111111111
1254074,2,15,6,KH Pandya,7.612,0.4117647058823529,0.29411764705882354
1254078,1,5,6,PJ Cummins,8.836,0.5,0.25
1254078,1,12,6,CV Varun,7.625,0.3333333333333333,0.16666666666666666
1254078,2,5,6,Mohammed Shami,8.586,0.7222222222222222,0.2222222222222222
1254078,2,8,6,Ravi Bishnoi,8.406,0.25,0.08333333333333333
1254078,2,12,6,Ravi Bishnoi,8.406,0.3333333333333333,0.05555555555555555
1254083,1,5,6,KA Jamieson,10.395,0.4166666666666667,0.4166666666666667
1254083,1,8,6,YS Chahal,8.149,0.25,0.3333333333333333
1254083,1,12,6,YS Chahal,8.149,0.2777777777777778,0.2222222222222222
1254083,2,5,6,Ravi Bishnoi,8.406,0.5,0.0
1254083,2,8,6,Harpreet Brar,8.018,0.4166666666666667,0.16666666666666666
1254094,1,5,6,Arshdeep Singh,9.239,0.25,0.16666666666666666
1254094,1,8,6,CJ Jordan,9.827,0.45454545454545453,0.0
1254094,1,12,6,Harpreet Brar,8.018,0.5555555555555556,0.05555555555555555
1254094,2,8,6,DL Chahar,7.917,0.2777777777777778,0.2777777777777778
1254097,1,5,6,Kartik Tyagi,9.624,0.6363636363636364,0.18181818181818182
1254097,1,8,6,T Shamsi,9.188,0.08333333333333333,0.08333333333333333
1254097,1,15,6,Kartik Tyagi,9.624,0.47058823529411764,0.23529411764705882
1254097,2,5,6,K Rabada,8.73,0.6666666666666666,0.0
1254097,2,8,6,R Ashwin,7.171,0.5,0.1111111111111111
1254097,2,12,6,R Ashwin,7.171,0.5652173913043478,0.08695652173913043
1254099,1,5,6,KH Pandya,7.612,0.3333333333333333,0.05555555555555555
1254099,1,8,6,RD Chahar,7.734,0.5,0.16666666666666666
1254099,2,5,6,NT Ellis,8.812,0.6666666666666666,0.16666666666666666
1254099,2,12,6,NT Ellis,8.812,0.5833333333333334,0.08333333333333333
1254103,1,5,6,Mohammed Siraj,8.729,0.5,0.08333333333333333
1254103,1,12,6,YS Chahal,8.149,0.3333333333333333,0.08333333333333333
1254103,2,5,6,Mustafizur Rahman,8.389,0.5,0.16666666666666666
1254103,2,8,6,Kartik Tyagi,9.624,0.18181818181818182,0.2727272727272727
1254103,2,12,6,CH Morris,7.905,0.2777777777777778,0.2222222222222222
1254106,1,5,6,CH Morris,7.905,0.5833333333333334,0.08333333333333333
1254106,1,8,6,S Dube,10.548,0.16666666666666666,0.0
1254106,1,12,6,Mustafizur Rahman,8.389,0.3333333333333333,0.08333333333333333
1254106,1,15,6,CH Morris,7.905,0.5294117647058824,0.11764705882352941
1254106,2,5,6,LH Ferguson,9.271,0.8333333333333334,0.0
1254106,2,8,6,CV Varun,7.625,0.75,0.0
1254106,2,12,6,SP Narine,6.887,0.3888888888888889,0.2222222222222222
1254113,1,5,6,JR Hazlewood,8.445,0.35294117647058826,0.11764705882352941
1254113,1,8,6,RA Jadeja,7.679,0.25,0.16666666666666666
1254113,2,8,6,YS Chahal,8.149,0.6666666666666666,0.08333333333333333
1254113,2,12,6,PWH de Silva,8.646,0.2222222222222222,0.16666666666666666
1254113,2,15,6,HV Patel,8.871,0.3888888888888889,0.16666666666666666
1254114,1,5,6,JR Hazlewood,8.445,0.6666666666666666,0.16666666666666666
1254114,1,8,6,RA Jadeja,7.679,0.16666666666666666,0.25
1254114,1,12,6,DL Chahar,7.917,0.29411764705882354,0.23529411764705882
1254114,1,15,6,SN Thakur,9.331,0.18181818181818182,0.2727272727272727
1254114,2,5,6,Avesh Khan,9.213,0.4166666666666667,0.4166666666666667
1254114,2,8,6,R Ashwin,7.171,0.0,0.0
1254114,2,15,6,A Nortje,9.118,0.3333333333333333,0.1111111111111111
1304050,1,5,6,LH Ferguson,9.271,0.6,0.0
1304050,1,8,6,HH Pandya,9.125,0.6666666666666666,0.08333333333333333
1304050,1,12,6,VR Aaron,8.7,0.2222222222222222,0.3333333333333333
1304050,2,5,6,Ravi Bishnoi,8.406,0.8,0.2
1304050,2,8,6,KH Pandya,7.612,0.5,0.08333333333333333
1304052,1,5,6,Akash Deep,11.354,0.36363636363636365,0.36363636363636365
1304052,1,8,6,PWH de Silva,8.646,0.5833333333333334,0.08333333333333333
1304052,1,12,6,Shahbaz Ahmed,9.35,0.2,0.4
1304052,1,15,6,HV Patel,8.871,0.8333333333333334,0.0
1304052,2,5,6,AD Russell,9.308,0.4,0.2
1304052,2,8,6,SP Narine,6.887,0.6666666666666666,0.0
1304052,2,12,6,AD Russell,9.308,0.45454545454545453,0.2727272727272727
1304055,1,5,6,TS Mills,10.511,0.8333333333333334,0.0
1304055,1,8,6,M Ashwin,8.123,0.5454545454545454,0.0
1304055,1,12,6,KA Pollard,8.931,0.25,0.16666666666666666
1304055,1,15,6,DR Sams,8.981,0.4090909090909091,0.18181818181818182
1304055,2,5,6,M Prasidh Krishna,8.878,0.5,0.25
1304055,2,8,6,Navdeep Saini,8.643,0.25,0.4166666666666667
1304055,2,12,6,TA Boult,8.523,0.4117647058823529,0.11764705882352941
1304063,1,5,6,T Natarajan,9.23,0.6666666666666666,0.16666666666666666
1304063,1,8,6,Umran Malik,8.747,0.5,0.25
1304063,1,15,6,T Natarajan,9.23,0.2777777777777778,0.05555555555555555
1304063,2,5,6,M Theekshana,8.0,0.3333333333333333,0.2222222222222222
1304063,2,8,6,RA Jadeja,7.679,0.25,0.08333333333333333
1304063,2,12,6,Mukesh Choudhary,10.099,0.5555555555555556,0.1111111111111111
1304067,1,5,6,T Natarajan,9.23,0.5,0.3333333333333333
1304067,1,12,6,Umran Malik,8.747,0.35294117647058826,0.17647058823529413
1304067,1,15,6,M Jansen,9.665,0.34782608695652173,0.08695652173913043
1304067,2,5,6,LH Ferguson,9.271,0.16666666666666666,0.6666666666666666
1304067,2,8,6,Rashid Khan,7.335,0.25,0.16666666666666666
1304067,2,12,6,HH Pandya,9.125,0.4444444444444444,0.1111111111111111
1304067,2,15,6,LH Ferguson,9.271,0.47058823529411764,0.35294117647058826
1304068,1,5,6,Akash Deep,11.354,0.3333333333333333,0.16666666666666666
1304068,1,8,6,GJ Maxwell,8.395,0.5833333333333334,0.08333333333333333
1304068,1,15,6,JR Hazlewood,8.445,0.5882352941176471,0.11764705882352941
1304068,2,5,6,M Theekshana,8.0,0.4166666666666667,0.16666666666666666
1304068,2,8,6,RA Jadeja,7.679,0.3333333333333333,0.25
1304068,2,12,6,M Theekshana,8.0,0.4444444444444444,0.16666666666666666
1304069,1,5,6,TS Mills,10.511,0.25,0.25
1304069,1,8,6,TS Mills,10.511,0.25,0.25
1304069,1,12,6,TS Mills,10.511,0.2222222222222222,0.2222222222222222
1304069,2,5,6,Arshdeep Singh,9.239,0.5,0.16666666666666666
1304069,2,8,6,RD Chahar,7.734,0.0,0.8333333333333334
1304069,2,12,6,Arshdeep Singh,9.239,0.47058823529411764,0.17647058823529413
1304085,1,5,6,PWH de Silva,8.646,0.6666666666666666,0.3333333333333333
1304085,1,8,6,Mohammed Siraj,8.729,0.6111111111111112,0.2777777777777778
1304085,1,12,6,HV Patel,8.871,0.16666666666666666,0.0
1304085,2,5,6,R Ashwin,7.171,0.6666666666666666,0.16666666666666666
1304085,2,8,6,KR Sen,10.009,0.5,0.08333333333333333
1304085,2,12,6,YS Chahal,8.149,0.6666666666666666,0.08333333333333333
1304085,2,15,6,R Ashwin,7.171,0.6086956521739131,0.043478260869565216
1304091,1,5,6,Mustafizur Rahman,8.389,0.4166666666666667,0.16666666666666666
1304091,1,8,6,AR Patel,7.34,0.4444444444444444,0.05555555555555555
1304091,1,12,6,SN Thakur,9.331,0.3,0.1
1304091,2,5,6,PVD Chameera,9.604,0.3333333333333333,0.4166666666666667
1304091,2,8,6,Ravi Bishnoi,8.406,0.25,0.16666666666666666
1304091,2,12,6,Mohsin Khan,8.096,0.6470588235294118,0.058823529411764705
1304091,2,15,6,JO Holder,8.705,0.29411764705882354,0.29411764705882354
1304100,1,5,6,Kartik Tyagi,9.624,0.2,0.4
1304100,1,8,6,Abhishek Sharma,9.273,0.16666666666666666,0.16666666666666666
1304100,1,15,6,B Kumar,7.775,0.3333333333333333,0.1111111111111111
1304100,2,5,6,Mohammed Siraj,8.729,0.3333333333333333,0.16666666666666666
1304100,2,8,6,PWH de Silva,8.646,0.3333333333333333,0.16666666666666666
1304100,2,12,6,PWH de Silva,8.646,0.3333333333333333,0.08333333333333333
1304100,2,15,6,JR Hazlewood,8.445,0.6111111111111112,0.05555555555555555
1304101,1,5,6,SN Thakur,9.331,0.36363636363636365,0.2727272727272727
1304101,1,12,6,Kuldeep Yadav,8.098,0.17647058823529413,0.4117647058823529
1304101,1,15,6,SN Thakur,9.331,0.29411764705882354,0.29411764705882354
1304101,2,5,6,Simarjeet Singh,9.655,0.5,0.2222222222222222
1304101,2,8,6,M Theekshana,8.0,0.5,0.3333333333333333
1304101,2,12,6,DJ Bravo,8.166,0.36363636363636365,0.18181818181818182
1304101,2,15,6,Simarjeet Singh,9.655,0.5217391304347826,0.17391304347826086
1312197,1,5,6,AS Joseph,9.448,0.5,0.3333333333333333
1312197,1,8,6,Rashid Khan,7.335,0.4166666666666667,0.0
1312197,1,12,6,HH Pandya,9.125,0.4,0.0
1312197,2,5,6,R Ashwin,7.171,0.2,0.6
1312197,2,8,6,YS Chahal,8.149,0.3333333333333333,0.08333333333333333
1312197,2,12,6,OC McCoy,9.197,0.16666666666666666,0.25
1359477,1,5,6,C Sakariya,8.491,0.5,0.08333333333333333
1359477,1,8,6,Kuldeep Yadav,8.098,0.0,0.16666666666666666
1359477,1,12,6,Kuldeep Yadav,8.098,0.16666666666666666,0.16666666666666666
1359477,2,5,6,Avesh Khan,9.213,0.5833333333333334,0.16666666666666666
1359477,2,8,6,K Gowtham,8.721,0.36363636363636365,0.18181818181818182
1359477,2,12,6,MA Wood,9.667,0.6666666666666666,0.0
1359477,2,15,6,Avesh Khan,9.213,0.6111111111111112,0.1111111111111111
1359478,1,5,6,Fazalhaq Farooqi,9.0,0.4166666666666667,0.4166666666666667
1359478,1,8,6,AU Rashid,9.667,0.3333333333333333,0.08333333333333333
1359478,1,12,6,Fazalhaq Farooqi,9.0,0.5,0.3333333333333333
1359478,2,5,6,R Ashwin,7.171,0.16666666666666666,0.16666666666666666
1359478,2,8,6,JO Holder,8.705,0.5833333333333334,0.16666666666666666
1359478,2,12,6,NA Saini,9.233104533650783,0.5,0.25
1359480,1,5,6,MA Wood,9.667,0.3333333333333333,0.5
1359480,1,8,6,Yash Thakur,10.603,0.16666666666666666,0.08333333333333333
1359480,1,12,6,Yash Thakur,10.603,0.2222222222222222,0.16666666666666666
1359480,1,15,6,Ravi Bishnoi,8.406,0.5217391304347826,0.13043478260869565
1359480,2,5,6,MM Ali,7.224,0.5,0.16666666666666666
1359480,2,8,6,MJ Santner,7.559,0.4166666666666667,0.08333333333333333
1359480,2,15,6,TU Deshpande,10.093,0.3333333333333333,0.16666666666666666
1359481,1,5,6,HH Pandya,9.125,0.5,0.16666666666666666
1359481,1,8,6,AS Joseph,9.448,0.5833333333333334,0.16666666666666666
1359481,1,12,6,Rashid Khan,7.335,0.3333333333333333,0.16666666666666666
1359481,1,15,6,J Little,10.304,0.5,0.1111111111111111
1359481,2,5,6,KK Ahmed,8.631,0.5833333333333334,0.3333333333333333
1359481,2,8,6,Mukesh Kumar,10.347,0.4444444444444444,0.2222222222222222
1359481,2,12,6,A Nortje,9.118,0.5,0.16666666666666666
1359481,2,15,6,Mukesh Kumar,10.347,0.34782608695652173,0.2608695652173913
1359483,1,5,6,DJ Willey,8.036,0.6666666666666666,0.05555555555555555
1359483,1,8,6,MG Bracewell,7.625,0.25,0.16666666666666666
1359483,1,12,6,Akash Deep,11.354,0.36363636363636365,0.2727272727272727
1359483,1,15,6,DJ Willey,8.036,0.6521739130434783,0.08695652173913043
1359483,2,5,6,CV Varun,7.625,0.6666666666666666,0.16666666666666666
1359483,2,8,6,SP Narine,6.887,0.5,0.0
1359483,2,12,6,Suyash Sharma,8.562,0.5454545454545454,0.09090909090909091
1359486,1,5,6,SSB Magala,7.0,0.08333333333333333,0.4166666666666667
1359486,1,8,6,RA Jadeja,7.679,0.3333333333333333,0.0
1359486,1,15,6,SSB Magala,7.0,0.16666666666666666,0.2777777777777778
1359486,2,5,6,PP Chawla,7.797,0.0,0.3333333333333333
1359486,2,8,6,C Green,9.687,0.3333333333333333,0.08333333333333333
1359486,2,12,6,K Kartikeya,8.735,0.16666666666666666,0.0
1359493,1,5,6,CV Varun,7.625,0.2,0.2
1359493,1,8,6,SP Narine,6.887,0.45454545454545453,0.0
1359493,1,12,6,CV Varun,7.625,0.2222222222222222,0.16666666666666666
1359493,2,5,6,Umran Malik,8.747,0.0,1.0
1359493,2,8,6,M Markande,9.526,0.4166666666666667,0.16666666666666666
1359493,2,15,6,M Jansen,9.665,0.5,0.09090909090909091
1359498,1,5,6,WD Parnell,7.392,0.2777777777777778,0.2777777777777778
1359498,1,8,6,HV Patel,8.871,0.4,0.2
1359498,1,12,6,HV Patel,8.871,0.4166666666666667,0.25
1359498,1,15,6,HV Patel,8.871,0.3888888888888889,0.2222222222222222
1359498,2,5,6,M Theekshana,8.0,0.3333333333333333,0.3333333333333333
1359498,2,8,6,RA Jadeja,7.679,0.0,0.08333333333333333
1359498,2,12,6,M Theekshana,8.0,0.2222222222222222,0.16666666666666666
1359498,2,15,6,M Theekshana,8.0,0.17391304347826086,0.17391304347826086
1359501,1,5,6,SM Curran,9.513,0.3333333333333333,0.16666666666666666
1359501,1,8,6,RD Chahar,7.734,0.3333333333333333,0.08333333333333333
1359501,1,15,6,SM Curran,9.513,0.29411764705882354,0.058823529411764705
1359501,2,5,6,Vijaykumar Vyshak,10.277,0.6,0.0
1359501,2,8,6,PWH de Silva,8.646,0.3333333333333333,0.25
1359501,2,12,6,PWH de Silva,8.646,0.3333333333333333,0.2222222222222222
1359507,1,5,6,K Khejroliya,9.534,0.16666666666666666,0.3333333333333333
1359507,1,12,6,CV Varun,7.625,0.3888888888888889,0.2222222222222222
1359507,2,5,6,M Theekshana,8.0,0.4,0.0
1359507,2,8,6,RA Jadeja,7.679,0.6666666666666666,0.16666666666666666
1359507,2,15,6,TU Deshpande,10.093,0.625,0.25
1359513,1,5,6,Rashid Khan,7.335,0.0,0.3333333333333333
1359513,1,8,6,J Little,10.304,0.5,0.08333333333333333
1359513,1,15,6,Noor Ahmad,8.468,0.4444444444444444,0.05555555555555555
1359513,2,5,6,CV Varun,7.625,0.4166666666666667,0.16666666666666666
1359513,2,8,6,Suyash Sharma,8.562,0.25,0.16666666666666666
1359513,2,12,6,Suyash Sharma,8.562,0.3333333333333333,0.1111111111111111
1359513,2,15,6,AD Russell,9.308,0.35294117647058826,0.23529411764705882
1359515,1,5,6,SM Curran,9.513,0.2727272727272727,0.2727272727272727
1359515,1,8,6,RD Chahar,7.734,0.2777777777777778,0.1111111111111111
1359515,1,12,6,K Rabada,8.73,0.4117647058823529,0.17647058823529413
1359515,1,15,6,SM Curran,9.513,0.29411764705882354,0.29411764705882354
1359515,2,5,6,M Theekshana,8.0,0.16666666666666666,0.25
1359515,2,8,6,RA Jadeja,7.679,0.3333333333333333,0.08333333333333333
1359515,2,12,6,M Theekshana,8.0,0.1111111111111111,0.16666666666666666
1359515,2,15,6,TU Deshpande,10.093,0.4444444444444444,0.2777777777777778
1359521,1,8,6,AK Markram,10.5,0.16666666666666666,0.16666666666666666
1359521,1,12,6,M Markande,9.526,0.3333333333333333,0.16666666666666666
1359521,1,15,6,B Kumar,7.775,0.6470588235294118,0.23529411764705882
1359521,2,5,6,AD Russell,9.308,0.6,0.6
1359521,2,8,6,AS Roy,7.905,0.4166666666666667,0.08333333333333333
1359521,2,12,6,Harshit Rana,10.176,0.5652173913043478,0.08695652173913043
1359521,2,15,6,CV Varun,7.625,0.25,0.16666666666666666
1359522,1,5,6,Rashid Khan,7.335,0.5,0.0
1359522,1,8,6,J Little,10.304,0.25,0.16666666666666666
1359522,1,15,6,Noor Ahmad,8.468,0.375,0.1875
1359522,2,5,6,Sandeep Sharma,8.236,0.47058823529411764,0.17647058823529413
1359522,2,8,6,A Zampa,8.403,0.25,0.16666666666666666
1359529,1,8,6,AR Patel,7.34,0.4444444444444444,0.1111111111111111
1359529,1,12,6,MR Marsh,8.613,0.16666666666666666,0.0
1359529,1,15,6,Kuldeep Yadav,8.098,0.17647058823529413,0.0
1359529,2,5,6,M Theekshana,8.0,0.16666666666666666,0.0
1359529,2,8,6,RA Jadeja,7.679,0.5833333333333334,0.08333333333333333
1359529,2,12,6,M Pathirana,8.55,0.5,0.16666666666666666
1359529,2,15,6,M Pathirana,8.55,0.5,0.16666666666666666
1359538,1,5,6,NT Ellis,8.812,0.3333333333333333,0.3333333333333333
1359538,1,8,6,RD Chahar,7.734,0.3333333333333333,0.25
1359538,1,15,6,Harpreet Brar,8.018,0.16666666666666666,0.0
1359538,2,5,6,Mukesh Kumar,10.347,0.5,0.3333333333333333
1359538,2,8,6,AR Patel,7.34,0.25,0.08333333333333333
1359538,2,12,6,A Nortje,9.118,0.25,0.25
1359538,2,15,6,A Nortje,9.118,0.3888888888888889,0.2222222222222222
1359542,1,5,6,CV Varun,7.625,0.3333333333333333,0.3333333333333333
1359542,1,8,6,SN Thakur,9.331,0.0,0.2
1359542,1,12,6,CV Varun,7.625,0.3888888888888889,0.3333333333333333
1359542,2,5,6,K Gowtham,8.721,0.5,0.08333333333333333
1359542,2,8,6,Ravi Bishnoi,8.406,0.8333333333333334,0.0
1359542,2,12,6,Ravi Bishnoi,8.406,0.3333333333333333,0.05555555555555555
1359543,1,5,6,PP Chawla,7.797,0.3333333333333333,0.3333333333333333
1359543,1,8,6,K Kartikeya,8.735,0.16666666666666666,0.08333333333333333
1359543,1,12,6,JP Behrendorff,9.273,0.4117647058823529,0.35294117647058826
1359543,2,5,6,Kartik Tyagi,9.624,0.2,0.4
1359543,2,8,6,Vivrant Sharma,9.0,0.25,0.25
1370351,1,5,6,KH Pandya,7.612,0.3333333333333333,0.3333333333333333
1370351,1,8,6,Mohsin Khan,8.096,0.3333333333333333,0.25
1370351,1,15,6,Naveen-ul-Haq,8.412,0.5,0.2222222222222222
1370351,2,5,6,HR Shokeen,8.935,0.0,0.6
1370351,2,8,6,PP Chawla,7.797,0.5,0.16666666666666666
1370352,1,5,6,CJ Jordan,9.827,0.4,0.4
1370352,1,8,6,PP Chawla,7.797,0.0,0.16666666666666666
1370352,1,15,6,CJ Jordan,9.827,0.375,0.25
1370352,2,5,6,Rashid Khan,7.335,0.3333333333333333,0.16666666666666666
1370352,2,8,6,Noor Ahmad,8.468,0.25,0.08333333333333333
1370352,2,15,6,Rashid Khan,7.335,0.34782608695652173,0.21739130434782608
1422121,1,5,6,T Natarajan,9.23,0.5454545454545454,0.09090909090909091
1422121,1,8,6,PJ Cummins,8.836,0.3333333333333333,0.25
1422121,1,12,6,PJ Cummins,8.836,0.3333333333333333,0.2222222222222222
1422121,2,5,6,Harshit Rana,10.176,0.5,0.2222222222222222
1422121,2,8,6,SP Narine,6.887,0.3333333333333333,0.0
1422121,2,15,6,MA Starc,8.557,0.3888888888888889,0.16666666666666666
1422124,1,5,6,Yash Dayal,9.593,0.6111111111111112,0.05555555555555555
1422124,1,8,6,GJ Maxwell,8.395,0.5,0.3333333333333333
1422124,1,15,6,Mohammed Siraj,8.729,0.5,0.2222222222222222
1422124,2,5,6,SM Curran,9.513,0.4166666666666667,0.3333333333333333
1422124,2,12,6,Harpreet Brar,8.018,0.5,0.0
1422124,2,15,6,HV Patel,8.871,0.17647058823529413,0.23529411764705882
1422130,1,5,6,Rashid Khan,7.335,0.16666666666666666,0.3333333333333333
1422130,1,8,6,Noor Ahmad,8.468,0.5833333333333334,0.08333333333333333
1422130,1,15,6,DG Nalkande,11.333,0.2,0.0
1422130,2,5,6,B Kumar,7.775,0.4444444444444444,0.16666666666666666
1422130,2,8,6,Washington Sundar,7.575,0.08333333333333333,0.08333333333333333
1422130,2,12,6,PJ Cummins,8.836,0.2727272727272727,0.09090909090909091
1422130,2,15,6,M Markande,9.526,0.25,0.1875
1422134,1,5,6,Rasikh Salam,9.502,0.3333333333333333,0.6666666666666666
1422134,1,12,6,MR Marsh,8.613,0.2727272727272727,0.09090909090909091
1422134,1,15,6,KK Ahmed,8.631,0.5625,0.25
1422134,2,5,6,VG Arora,10.244,0.5882352941176471,0.23529411764705882
1422134,2,8,6,CV Varun,7.625,0.5,0.3333333333333333
1422134,2,12,6,CV Varun,7.625,0.35294117647058826,0.17647058823529413
1422135,1,5,6,SM Curran,9.513,0.5,0.3333333333333333
1422135,1,8,6,Harpreet Brar,8.018,0.5,0.16666666666666666
1422135,1,12,6,K Rabada,8.73,0.2777777777777778,0.2777777777777778
1422135,1,15,6,Arshdeep Singh,9.239,0.3333333333333333,0.1111111111111111
1422135,2,5,6,Noor Ahmad,8.468,0.5,0.16666666666666666
1422135,2,8,6,Azmatullah Omarzai,9.923,0.35294117647058826,0.23529411764705882
1422135,2,12,6,MM Sharma,8.674,0.16666666666666666,0.16666666666666666
1426260,1,5,6,Mustafizur Rahman,8.389,0.5454545454545454,0.18181818181818182
1426260,1,8,6,RA Jadeja,7.679,0.5,0.0
1426260,1,15,6,SN Thakur,9.331,0.17647058823529413,0.17647058823529413
1426260,2,5,6,VG Arora,10.244,0.3888888888888889,0.16666666666666666
1426260,2,8,6,SP Narine,6.887,0.08333333333333333,0.16666666666666666
1426260,2,12,6,SP Narine,6.887,0.2222222222222222,0.1111111111111111
1426267,1,5,6,Akash Madhwal,10.811,0.3333333333333333,0.3333333333333333
1426267,1,8,6,JJ Bumrah,7.296,0.7272727272727273,0.09090909090909091
1426267,1,12,6,G Coetzee,10.53,0.6111111111111112,0.2222222222222222
1426267,1,15,6,HH Pandya,9.125,0.4166666666666667,0.25
1426267,2,5,6,SN Thakur,9.331,0.3333333333333333,0.3333333333333333
1426267,2,8,6,RA Jadeja,7.679,0.4166666666666667,0.16666666666666666
1426272,1,8,6,KH Pandya,7.612,0.3333333333333333,0.08333333333333333
1426272,1,15,6,Yash Thakur,10.603,0.3333333333333333,0.2222222222222222
1426272,2,8,6,RA Jadeja,7.679,0.0,0.08333333333333333
1426272,2,12,6,M Pathirana,8.55,0.2727272727272727,0.09090909090909091
1426272,2,15,6,M Pathirana,8.55,0.2222222222222222,0.1111111111111111
1426273,1,5,6,Mukesh Kumar,10.347,0.16666666666666666,0.8333333333333334
1426273,1,8,6,Kuldeep Yadav,8.098,0.29411764705882354,0.35294117647058826
1426273,1,12,6,AR Patel,7.34,0.2222222222222222,0.05555555555555555
1426273,2,5,6,T Natarajan,9.23,0.8,0.2
1426273,2,8,6,M Markande,9.526,0.2727272727272727,0.2727272727272727
1426273,2,12,6,Nithish Kumar Reddy,10.567,0.3333333333333333,0.0
1426273,2,15,6,Nithish Kumar Reddy,10.567,0.18181818181818182,0.09090909090909091
1426275,1,5,6,MM Sharma,8.674,0.4166666666666667,0.25
1426275,1,8,6,Noor Ahmad,8.468,0.4166666666666667,0.08333333333333333
1426275,1,15,6,R Sai Kishore,8.779,0.5,0.1111111111111111
1426275,2,5,6,SM Curran,9.513,0.3333333333333333,0.16666666666666666
1426275,2,8,6,Harpreet Brar,8.018,0.25,0.08333333333333333
1426275,2,12,6,Harpreet Brar,8.018,0.3333333333333333,0.1111111111111111
1426275,2,15,6,HV Patel,8.871,0.4166666666666667,0.08333333333333333
1426280,1,5,6,Arshdeep Singh,9.239,0.5,0.25
1426280,1,8,6,RD Chahar,7.734,0.3333333333333333,0.25
1426280,1,12,6,SM Curran,9.513,0.3333333333333333,0.3333333333333333
1426280,1,15,6,Arshdeep Singh,9.239,0.4666666666666667,0.3333333333333333
1426280,2,8,6,CV Varun,7.625,0.0,0.16666666666666666
1426280,2,12,6,SP Narine,6.887,0.5555555555555556,0.16666666666666666
1426280,2,15,6,Harshit Rana,10.176,0.2777777777777778,0.2777777777777778
1426285,1,5,6,SP Narine,6.887,0.3333333333333333,0.16666666666666666
1426285,1,8,6,CV Varun,7.625,0.16666666666666666,0.0
1426285,1,12,6,CV Varun,7.625,0.5555555555555556,0.0
1426285,1,15,6,MA Starc,8.557,0.35294117647058826,0.35294117647058826
1426285,2,8,6,AR Patel,7.34,0.4166666666666667,0.0
1426285,2,12,6,Rasikh Salam,9.502,0.08333333333333333,0.3333333333333333
1426287,1,5,6,SM Curran,9.513,0.4166666666666667,0.25
1426287,1,8,6,Harpreet Brar,8.018,0.36363636363636365,0.0
1426287,1,15,6,K Rabada,8.73,0.391304347826087,0.08695652173913043
1426287,2,5,6,SN Thakur,9.331,0.1,0.3
1426287,2,8,6,RA Jadeja,7.679,0.25,0.25
1426287,2,12,6,RJ Gleeson,10.667,0.4117647058823529,0.17647058823529413
1426292,1,5,6,Yash Thakur,10.603,0.6666666666666666,0.0
1426292,1,8,6,Yash Thakur,10.603,0.5,0.16666666666666666
1426292,1,12,6,KH Pandya,7.612,0.2,0.2
1426292,1,15,6,Yudhvir Singh,10.706,0.3333333333333333,0.16666666666666666
1426292,2,5,6,Harshit Rana,10.176,0.6,0.2
1426292,2,8,6,CV Varun,7.625,0.3333333333333333,0.16666666666666666
1426298,1,5,6,HH Pandya,9.125,0.6666666666666666,0.16666666666666666
1426298,1,8,6,PP Chawla,7.797,0.6666666666666666,0.3333333333333333
1426298,2,5,6,CV Varun,7.625,0.5,0.0
1426298,2,12,6,AD Russell,9.308,0.36363636363636365,0.18181818181818182
1426303,1,5,6,HV Patel,8.871,0.8333333333333334,0.16666666666666666
1426303,1,12,6,Arshdeep Singh,9.239,0.5,0.2222222222222222
1426303,1,15,6,NT Ellis,8.812,0.3333333333333333,0.05555555555555555
1426303,2,5,6,Sandeep Sharma,8.236,0.5555555555555556,0.16666666666666666
1426303,2,8,6,R Ashwin,7.171,0.4166666666666667,0.08333333333333333
1426303,2,12,6,R Ashwin,7.171,0.5,0.1111111111111111
1426303,2,15,6,YS Chahal,8.149,0.21739130434782608,0.13043478260869565
1426305,1,5,6,PP Chawla,7.797,0.3333333333333333,0.3333333333333333
1426305,1,12,6,A Kamboj,9.213,0.23529411764705882,0.47058823529411764
1426305,1,15,6,R Shepherd,12.22,0.5,0.25
1426305,2,5,6,Naveen-ul-Haq,8.412,0.16666666666666666,0.3333333333333333
1426305,2,8,6,Naveen-ul-Haq,8.412,0.4166666666666667,0.3333333333333333
1426305,2,12,6,Ravi Bishnoi,8.406,0.3333333333333333,0.2777777777777778
1426305,2,15,6,MJ Henry,12.105,0.36363636363636365,0.2727272727272727
1426307,1,5,6,B Kumar,7.775,0.3888888888888889,0.2777777777777778
1426307,1,8,6,V Viyaskanth,8.167,0.3333333333333333,0.25
1426307,1,12,6,PJ Cummins,8.836,0.3333333333333333,0.2777777777777778
1426307,1,15,6,Nithish Kumar Reddy,10.567,0.09090909090909091,0.45454545454545453
1426307,2,5,6,R Dhawan,8.205,0.29411764705882354,0.29411764705882354
1426307,2,8,6,RD Chahar,7.734,0.25,0.08333333333333333
1426307,2,12,6,Harpreet Brar,8.018,0.4166666666666667,0.3333333333333333
1426307,2,15,6,HV Patel,8.871,0.21739130434782608,0.30434782608695654
1473439,1,5,6,M Theekshana,8.0,0.35294117647058826,0.35294117647058826
1473439,1,8,6,Sandeep Sharma,8.236,0.25,0.25
1473439,1,12,6,JC Archer,7.92,0.058823529411764705,0.5882352941176471
1473439,1,15,6,TU Deshpande,10.093,0.23529411764705882,0.23529411764705882
1473439,2,5,6,PJ Cummins,8.836,0.0,0.6666666666666666
1473439,2,12,6,Simarjeet Singh,9.655,0.5,0.4375
1473439,2,15,6,HV Patel,8.871,0.2777777777777778,0.1111111111111111
1473441,1,5,6,Mukesh Kumar,10.347,0.0,0.4
1473441,1,8,6,MM Sharma,8.674,0.0,0.0
1473441,2,5,6,DS Rathi,9.062,0.36363636363636365,0.2727272727272727
1473441,2,8,6,Ravi Bishnoi,8.406,0.5,0.25
1473441,2,15,6,Prince Yadav,8.459,0.16666666666666666,0.2222222222222222
1473448,1,5,6,KK Ahmed,8.631,0.5,0.3333333333333333
1473448,1,8,6,R Ashwin,7.171,0.2777777777777778,0.2222222222222222
1473448,1,12,6,RA Jadeja,7.679,0.3333333333333333,0.0
1473448,1,15,6,M Pathirana,8.55,0.25,0.16666666666666666
1473448,2,5,6,Sandeep Sharma,8.236,0.16666666666666666,0.5
1473448,2,8,6,M Theekshana,8.0,0.25,0.08333333333333333
1473448,2,12,6,Sandeep Sharma,8.236,0.08333333333333333,0.25
1473449,1,12,6,Ashwani Kumar,11.617,0.5882352941176471,0.23529411764705882
1473449,2,5,6,AD Russell,9.308,0.2,0.2
1473452,1,5,6,Simarjeet Singh,9.655,0.3333333333333333,0.3333333333333333
1473452,1,8,6,Zeeshan Ansari,9.75,0.3333333333333333,0.08333333333333333
1473452,2,5,6,CV Varun,7.625,0.5,0.0
1473452,2,8,6,CV Varun,7.625,0.4166666666666667,0.08333333333333333
1473452,2,15,6,CV Varun,7.625,0.4782608695652174,0.08695652173913043
1473459,1,5,6,R Ashwin,7.171,0.0,0.4
1473459,1,8,6,RA Jadeja,7.679,0.3333333333333333,0.0
1473459,1,12,6,M Pathirana,8.55,0.16666666666666666,0.6666666666666666
1473459,1,15,6,M Pathirana,8.55,0.16666666666666666,0.3333333333333333
1473459,2,5,6,M Jansen,9.665,0.0,0.2
1473459,2,8,6,M Jansen,9.665,0.25,0.16666666666666666
1473459,2,12,6,MP Stoinis,9.85,0.4,0.2
1473459,2,15,6,LH Ferguson,9.271,0.4375,0.125
1473462,1,5,6,CV Varun,7.625,0.16666666666666666,0.3333333333333333
1473462,1,8,6,SP Narine,6.887,0.16666666666666666,0.0
1473462,1,12,6,Harshit Rana,10.176,0.7222222222222222,0.05555555555555555
1473462,2,5,6,KK Ahmed,8.631,0.47058823529411764,0.29411764705882354
1473467,1,8,6,Noor Ahmad,8.468,0.4,0.0
1473467,1,12,6,M Pathirana,8.55,0.5,0.25
1473467,1,15,6,M Pathirana,8.55,0.4166666666666667,0.16666666666666666
1473467,2,5,6,DS Rathi,9.062,0.4166666666666667,0.16666666666666666
1473467,2,8,6,Ravi Bishnoi,8.406,0.5,0.08333333333333333
1473467,2,12,6,Ravi Bishnoi,8.406,0.47058823529411764,0.11764705882352941
1473467,2,15,6,Avesh Khan,9.213,0.36363636363636365,0.18181818181818182
1473468,1,5,6,Harshit Rana,10.176,0.75,0.25
1473468,1,8,6,A Nortje,9.118,0.5,0.3333333333333333
1473468,1,12,6,SP Narine,6.887,0.5294117647058824,0.058823529411764705
1473468,2,8,6,GJ Maxwell,8.395,0.5,0.0
1473468,2,12,6,M Jansen,9.665,0.6111111111111112,0.16666666666666666
1473470,1,5,6,JJ Bumrah,7.296,0.4166666666666667,0.08333333333333333
1473470,1,8,6,WG Jacks,10.895,0.25,0.08333333333333333
1473470,1,15,6,JJ Bumrah,7.296,0.35294117647058826,0.058823529411764705
1473470,2,5,6,E Malinga,9.624,0.0,0.5
1473470,2,8,6,Zeeshan Ansari,9.75,0.5,0.16666666666666666
1473470,2,12,6,PJ Cummins,8.836,0.5555555555555556,0.1111111111111111
1473470,2,15,6,E Malinga,9.624,0.1111111111111111,0.3333333333333333
1473473,1,5,6,Sandeep Sharma,8.236,0.8333333333333334,0.16666666666666666
1473473,1,8,6,TU Deshpande,10.093,0.2727272727272727,0.09090909090909091
1473473,1,12,6,TU Deshpande,10.093,0.3125,0.0625
1473473,2,5,6,Prince Yadav,8.459,0.8333333333333334,0.16666666666666666
1473473,2,12,6,DS Rathi,9.062,0.3333333333333333,0.1111111111111111
1473473,2,15,6,Avesh Khan,9.213,0.16666666666666666,0.3333333333333333
1473474,1,5,6,JR Hazlewood,8.445,0.3333333333333333,0.3333333333333333
1473474,1,8,6,Suyash Sharma,8.562,0.16666666666666666,0.0
1473474,2,5,6,M Jansen,9.665,0.3333333333333333,0.3333333333333333
1473474,2,8,6,Harpreet Brar,8.018,0.3333333333333333,0.25
1473474,2,12,6,Harpreet Brar,8.018,0.3333333333333333,0.16666666666666666
1473477,1,5,6,PVD Chameera,9.604,0.16666666666666666,0.16666666666666666
1473477,1,8,6,MA Starc,8.557,0.25,0.08333333333333333
1473477,1,12,6,Kuldeep Yadav,8.098,0.08333333333333333,0.16666666666666666
1473477,1,15,6,Mukesh Kumar,10.347,0.4444444444444444,0.16666666666666666
1473477,2,5,6,Avesh Khan,9.213,0.3333333333333333,0.3333333333333333
1473477,2,8,6,DS Rathi,9.062,0.3888888888888889,0.05555555555555555
1473477,2,12,6,Avesh Khan,9.213,0.4166666666666667,0.16666666666666666
1473482,1,5,6,DS Rathi,9.062,0.25,0.3333333333333333
1473482,1,8,6,DS Rathi,9.062,0.2777777777777778,0.2222222222222222
1473482,1,15,6,MP Yadav,8.969,0.5,0.2727272727272727
1473482,2,5,6,DL Chahar,7.917,0.47058823529411764,0.35294117647058826
1473482,2,15,6,JJ Bumrah,7.296,0.5555555555555556,0.05555555555555555
1473487,1,5,6,M Theekshana,8.0,0.3333333333333333,0.3333333333333333
1473487,1,12,6,R Parag,9.522,0.36363636363636365,0.09090909090909091
1473487,1,15,6,M Theekshana,8.0,0.2727272727272727,0.3181818181818182
1473487,2,5,6,C Bosch,12.316,0.6666666666666666,0.3333333333333333
1473487,2,8,6,KV Sharma,8.407,0.16666666666666666,0.16666666666666666
1473492,1,5,6,HV Patel,8.871,0.5,0.16666666666666666
1473492,1,8,6,E Malinga,9.624,0.3333333333333333,0.0
1473492,1,12,6,Zeeshan Ansari,9.75,0.3333333333333333,0.16666666666666666
1473499,1,5,6,E Malinga,9.624,0.3333333333333333,0.3333333333333333
1473499,1,8,6,Zeeshan Ansari,9.75,0.0,0.18181818181818182
1473499,1,12,6,Nithish Kumar Reddy,10.567,0.3333333333333333,0.16666666666666666
1473499,1,15,6,HV Patel,8.871,0.47058823529411764,0.35294117647058826
1473499,2,5,6,Avesh Khan,9.213,0.25,0.5
1473499,2,12,6,SN Thakur,9.331,0.08333333333333333,0.16666666666666666
1473500,1,5,6,TU Deshpande,10.093,0.5555555555555556,0.3333333333333333
1473500,1,8,6,KT Maphaka,13.444,0.36363636363636365,0.2727272727272727
1473500,1,12,6,PWH de Silva,8.646,0.4166666666666667,0.0
1473500,1,15,6,R Parag,9.522,0.3,0.2
1473500,2,8,6,M Pathirana,8.55,0.5,0.0
1473500,2,12,6,M Pathirana,8.55,0.2727272727272727,0.09090909090909091
1473500,2,15,6,Noor Ahmad,8.468,0.1875,0.3125
1527686,1,5,6,AM Ghazanfar,10.112,0.4,0.0
1527686,2,5,6,Sandeep Sharma,8.236,0.5,0.16666666666666666
1527687,1,5,6,L Ngidi,8.566,0.5,0.16666666666666666
1527687,1,8,6,T Natarajan,9.23,0.16666666666666666,0.0
1527687,1,12,6,Kuldeep Yadav,8.098,0.16666666666666666,0.16666666666666666
1527687,1,15,6,T Natarajan,9.23,0.16666666666666666,0.1111111111111111
1527687,2,5,6,Ashok Sharma,10.167,0.0,0.8333333333333334
1527687,2,8,6,M Prasidh Krishna,8.878,0.25,0.4166666666666667
1527687,2,12,6,M Prasidh Krishna,8.878,0.2222222222222222,0.3888888888888889
1527687,2,15,6,Ashok Sharma,10.167,0.058823529411764705,0.47058823529411764
1527691,1,5,6,L Ngidi,8.566,0.0,0.3333333333333333
1527691,1,8,6,Mukesh Kumar,10.347,0.4166666666666667,0.16666666666666666
1527691,1,12,6,L Ngidi,8.566,0.25,0.3333333333333333
1527691,1,15,6,Mukesh Kumar,10.347,0.4117647058823529,0.11764705882352941
1527691,2,5,6,A Kamboj,9.213,0.4166666666666667,0.3333333333333333
1527691,2,8,6,Noor Ahmad,8.468,0.0,0.0
1527691,2,12,6,J Overton,13.182,0.5,0.08333333333333333
1527691,2,15,6,J Overton,13.182,0.5,0.05555555555555555
1529270,1,8,6,Gurjapneet Singh,14.16,0.6666666666666666,0.16666666666666666
1529270,1,12,6,Noor Ahmad,8.468,0.2777777777777778,0.16666666666666666
1529270,2,5,6,E Malinga,9.624,0.2,0.2
1529270,2,8,6,Shivang Kumar,10.053,0.3333333333333333,0.16666666666666666
1529270,2,12,6,Nithish Kumar Reddy,10.567,0.4444444444444444,0.05555555555555555
1529270,2,15,6,E Malinga,9.624,0.4444444444444444,0.1111111111111111
1529275,1,5,6,Mohsin Khan,8.096,0.6666666666666666,0.08333333333333333
1529275,1,8,6,Prince Yadav,8.459,0.5833333333333334,0.25
1529275,1,15,6,Prince Yadav,8.459,0.6111111111111112,0.16666666666666666
1529275,2,5,6,N Burger,9.954,0.6111111111111112,0.1111111111111111
1529275,2,8,6,Ravi Bishnoi,8.406,0.4,0.0
1529275,2,12,6,Brijesh Sharma,9.882,0.25,0.16666666666666666
1529276,1,5,6,MJ Santner,7.559,0.5,0.3333333333333333
1529276,1,8,6,AM Ghazanfar,10.112,0.2777777777777778,0.1111111111111111
1529276,1,12,6,Ashwani Kumar,11.617,0.2777777777777778,0.16666666666666666
1529276,1,15,6,Krish Bhagat,5.0,0.3333333333333333,0.5
1529276,2,5,6,Mukesh Choudhary,10.099,0.6470588235294118,0.11764705882352941
1529276,2,8,6,Noor Ahmad,8.468,0.2,0.0
1529276,2,12,6,Noor Ahmad,8.468,0.3888888888888889,0.1111111111111111
1529276,2,15,6,Gurjapneet Singh,14.16,0.3333333333333333,0.0
1529285,1,5,6,K Rabada,8.73,0.4444444444444444,0.3888888888888889
1529285,1,8,6,JO Holder,8.705,0.16666666666666666,0.25
1529285,2,5,6,JR Hazlewood,8.445,0.2777777777777778,0.5
1529285,2,8,6,R Shepherd,12.22,0.5,0.16666666666666666
1529285,2,12,6,R Shepherd,12.22,0.3888888888888889,0.16666666666666666
