match_id,innings,over,ball_in_over,bowler,w4_actual,w4_predicted_prob
335983,1,5,6,JR Hopes,0,0.72293540847402
335983,1,8,6,IK Pathan,0,0.7446808727220567
335983,1,12,6,WA Mota,0,0.1868504040697387
335983,1,15,6,IK Pathan,0,0.5865398751986357
335983,2,5,6,MS Gony,0,0.7936506448893823
335983,2,8,6,Joginder Sharma,1,0.9745689954388218
335983,2,12,6,P Amarnath,1,0.8117382855106928
335990,1,5,6,SR Watson,0,0.4359607312288456
335990,1,8,6,SK Warne,0,0.31253119740789814
335990,1,15,6,SK Warne,0,0.650383946540561
335990,2,5,6,PP Ojha,1,0.9568337799282673
335990,2,8,6,Shahid Afridi,1,0.7936981441985278
335990,2,12,6,A Symonds,0,0.3277091658401054
335995,1,5,6,VRV Singh,0,0.1905610887093334
335995,1,8,6,PP Chawla,0,0.28124903564992787
335995,2,5,6,MF Maharoof,1,0.8881671664365158
335995,2,8,6,Mohammad Asif,0,0.7113223454866294
335996,1,5,6,Z Khan,0,0.431820431389332
335996,1,8,6,B Akhil,1,0.5970764667022813
335996,1,12,6,B Akhil,0,0.26700315596923524
335996,2,5,6,MS Gony,1,0.6774315090264812
335996,2,8,6,JA Morkel,1,0.7454251285950682
335996,2,12,6,P Amarnath,1,0.7023534463381612
336002,1,5,6,DW Steyn,1,0.4130445326973856
336002,1,8,6,B Akhil,0,0.7873888373820973
336002,1,12,6,R Vinay Kumar,1,0.41143456935299794
336002,2,5,6,DP Vijaykumar,0,0.26049725191251294
336002,2,8,6,SB Bangar,0,0.3254901095316951
336002,2,12,6,WPUJC Vaas,0,0.45497777742808737
336003,1,5,6,AB Dinda,0,0.5166450690369498
336003,1,8,6,Mohammad Hafeez,1,0.8343736222008877
336003,1,12,6,Umar Gul,0,0.04348034702679473
336003,2,5,6,IK Pathan,0,0.3495361775121874
336003,2,8,6,Gagandeep Singh,0,0.1256163106373579
336003,2,12,6,Gagandeep Singh,0,0.5738359028411634
336003,2,15,6,JR Hopes,0,0.5515793671739248
336016,1,5,6,PP Chawla,1,0.9846964053416813
336016,1,8,6,VRV Singh,1,0.2254803043973233
336016,2,5,6,Z Khan,0,0.5337180370038463
336018,1,5,6,DJ Bravo,0,0.15927658765629873
336018,1,8,6,DS Kulkarni,0,0.3225256725721376
336018,1,12,6,A Nehra,0,0.3329945507469396
336018,1,15,6,DJ Bravo,0,0.37189196743611447
336018,2,5,6,JA Morkel,1,0.9224347356898749
336018,2,8,6,L Balaji,1,0.28605542146845614
336022,1,5,6,VRV Singh,1,0.9968990550769002
336022,1,8,6,RR Powar,1,0.7836524125573269
336036,1,5,6,YK Pathan,0,0.03235520191918703
336036,1,8,6,SK Trivedi,0,0.12827934193495005
336036,1,12,6,SK Trivedi,0,0.4557343705259351
336036,1,15,6,SK Warne,1,0.46675029589162503
336036,2,5,6,CRD Fernando,0,0.08018653847054143
336036,2,15,6,CRD Fernando,0,0.2832323519168469
392188,1,8,6,A Kumble,0,0.18179156615897582
392188,1,15,6,KP Pietersen,0,0.3185430539624971
392188,2,5,6,RP Singh,1,0.2308641152036286
392188,2,8,6,PP Ojha,0,0.2814447190545162
392188,2,15,6,SB Styris,1,0.4011861694480834
392212,1,5,6,DJ Bravo,0,0.07151910430127618
392212,1,8,6,DJ Bravo,0,0.19607183319617238
392212,1,12,6,ST Jayasuriya,0,0.34622183502981296
392212,1,15,6,DS Kulkarni,0,0.4990113345469011
392212,2,8,6,TL Suman,0,0.0847321638209299
392212,2,12,6,RJ Harris,0,0.3429122480444821
392212,2,15,6,RG Sharma,0,0.0647562792822438
392216,1,5,6,S Sreesanth,0,0.4318537771039991
392216,1,8,6,PP Chawla,0,0.4933388262407646
392216,1,15,6,IK Pathan,1,0.6311680332750524
392216,2,8,6,A Symonds,0,0.9945382326377602
392216,2,15,6,PP Ojha,0,0.2620630081820582
392220,1,5,6,SK Trivedi,0,0.757316309423013
392220,1,8,6,SK Warne,1,0.815526244506841
392220,1,12,6,YK Pathan,0,0.35293735604617554
392220,2,5,6,WPUJC Vaas,0,0.3515349385998774
392220,2,8,6,A Symonds,0,0.40107482806573586
392220,2,15,6,RG Sharma,0,0.18515736419574086
392223,1,12,6,DR Smith,0,0.18720280360024272
392223,1,15,6,RP Singh,0,0.27985182681963194
392223,2,5,6,A Nehra,1,0.966834811692733
392223,2,8,6,A Mishra,1,0.9626047812623013
392223,2,12,6,PJ Sangwan,0,0.4982508330174856
392223,2,15,6,A Nehra,1,0.8528737528910372
392228,1,5,6,A Symonds,0,0.06875646353257958
392228,1,8,6,Harmeet Singh,0,0.312497406403961
392228,1,12,6,RG Sharma,0,0.12473896359833787
392228,2,5,6,BJ Hodge,1,0.7784791905368597
392228,2,12,6,M Kartik,0,0.3210891234687989
392236,1,5,6,A Symonds,0,0.07630827761284471
392236,1,8,6,Jaskaran Singh,0,0.6478134038020915
392236,1,12,6,A Symonds,0,0.2714988169263179
392236,2,5,6,RE van der Merwe,1,0.9956765605680898
392236,2,8,6,B Akhil,0,0.4392808075703354
392236,2,12,6,RE van der Merwe,1,0.7274301984302021
392237,1,5,6,PP Ojha,0,0.47901219603988254
392237,1,8,6,A Symonds,1,0.6242954672777526
392237,1,12,6,RG Sharma,0,0.45940191515438294
392237,2,5,6,V Sehwag,1,0.9999611609637467
392237,2,12,6,A Nehra,1,0.7597611722294689
392237,2,15,6,PJ Sangwan,1,0.7098699693931421
419110,1,5,6,M Muralitharan,0,0.3072030054850085
419110,1,8,6,R Ashwin,0,0.49449536480406686
419110,1,12,6,R Ashwin,0,0.4896420120549512
419110,1,15,6,L Balaji,1,0.6789656500587979
419110,2,5,6,PP Ojha,0,0.0978540557046913
419110,2,8,6,RG Sharma,0,0.3747801527219567
419112,1,5,6,JH Kallis,1,0.7029478879348173
419112,1,8,6,A Kumble,0,0.512307699551922
419112,1,12,6,V Kohli,1,0.7009971988208858
419112,2,8,6,PP Chawla,0,0.2110892031957931
419112,2,15,6,Bipul Sharma,0,0.3028264749266083
419113,1,5,6,LR Shukla,0,0.5662905154381161
419113,1,8,6,LR Shukla,0,0.534584938239066
419113,1,12,6,SE Bond,0,0.2830496412795779
419113,2,8,6,JM Kemp,1,0.7072507826350745
419113,2,15,6,M Muralitharan,1,0.38381248516682515
419121,1,5,6,L Balaji,1,0.5810487523232876
419121,1,8,6,M Muralitharan,0,0.1687702411114505
419121,1,12,6,R Ashwin,1,0.5591797526666278
419121,2,5,6,J Theron,1,0.3633319752783147
419121,2,8,6,RR Powar,1,0.444110261660018
419121,2,12,6,J Theron,1,0.19865712042491215
419125,1,5,6,DJ Bravo,1,0.8979297678764565
419125,1,8,6,Harbhajan Singh,1,0.4768654494949705
419125,1,12,6,SL Malinga,1,0.6926313918331755
419125,1,15,6,Z Khan,0,0.6491152707155532
419125,2,5,6,L Balaji,0,0.8376485796063775
419125,2,8,6,SB Jakati,1,0.8647812021292299
419125,2,12,6,M Muralitharan,1,0.6650348609628278
419134,1,5,6,S Narwal,0,0.49697322103901864
419134,1,8,6,SK Warne,0,0.28503669200323867
419134,1,15,6,SK Trivedi,0,0.47846484444337006
419134,2,5,6,UT Yadav,0,0.2594790317237713
419134,2,8,6,A Mishra,1,0.42970304077718796
419137,1,8,6,SK Warne,0,0.1543888092952552
419137,1,12,6,SK Warne,0,0.6443568363575548
419137,2,5,6,JA Morkel,1,0.9486344910437617
419137,2,8,6,SB Jakati,0,0.8119886780490577
419137,2,15,6,DE Bollinger,0,0.2236192467954354
419141,1,5,6,A Symonds,1,0.5700637824062422
419141,1,8,6,RJ Harris,0,0.2817450429408206
419141,1,12,6,RJ Harris,0,0.2277081768768872
419141,1,15,6,Harmeet Singh,1,0.2396059549702167
419141,2,5,6,M Morkel,0,0.10672232184078008
419141,2,12,6,SK Trivedi,1,0.29968504834031856
419141,2,15,6,SK Warne,1,0.31215108294088867
419142,1,5,6,Harbhajan Singh,0,0.3910095185626037
419142,1,8,6,DJ Bravo,1,0.7997644444573422
419142,1,12,6,SL Malinga,0,0.5025056602883826
419142,1,15,6,KA Pollard,1,0.4571277780483347
419142,2,5,6,R Ashwin,1,0.6486766061808782
419142,2,8,6,T Thushara,0,0.4077999782203429
419142,2,12,6,R Ashwin,1,0.5506456325176785
419143,1,5,6,YK Pathan,1,0.45647432265638954
419143,1,8,6,SK Warne,1,0.9896043083665029
419143,1,12,6,SK Trivedi,0,0.16765817928851393
419143,2,5,6,PP Chawla,0,0.15999711895807878
419150,1,8,6,SK Trivedi,0,0.19252314328266096
419150,1,12,6,SK Trivedi,0,0.19736979308959776
419150,1,15,6,AP Dole,0,0.6088210161427462
419150,2,5,6,DS Kulkarni,0,0.6973603882376689
419150,2,8,6,Harbhajan Singh,0,0.3391461705066263
419150,2,12,6,SL Malinga,0,0.17969184130154756
419150,2,15,6,SL Malinga,0,0.20850648611200492
419152,1,5,6,AB McDonald,0,0.09944554502784335
419152,1,8,6,PD Collingwood,1,0.28676872815912674
419152,1,12,6,PD Collingwood,1,0.3377823446192712
419152,2,5,6,DJ Bravo,1,0.9692652387993587
419152,2,8,6,KA Pollard,1,0.14422939635063473
419152,2,12,6,KA Pollard,0,0.2186924386345303
419152,2,15,6,Harbhajan Singh,1,0.3737609275962301
419157,1,5,6,JH Kallis,0,0.1523714903975499
419157,1,8,6,Pankaj Singh,0,0.6217272875326234
419157,1,12,6,JH Kallis,0,0.36575986122390997
419157,2,5,6,R McLaren,1,0.3464330662075136
419157,2,8,6,Harbhajan Singh,0,0.42476655783283884
501209,1,5,6,B Lee,0,0.16739931800233127
501209,1,15,6,L Balaji,0,0.4237773687124852
501209,2,5,6,A Singh,1,0.853844532007621
501209,2,12,6,SK Trivedi,0,0.36669045309110676
501210,1,5,6,NLTC Perera,0,0.6070096833970053
501210,1,8,6,RV Gomez,0,0.47809916163484323
501210,1,12,6,NLTC Perera,0,0.6129841904036808
501210,1,15,6,R Vinay Kumar,0,0.7257258922670196
501210,2,5,6,KA Pollard,1,0.9894497295708448
501210,2,8,6,KA Pollard,1,0.9863434115764381
501210,2,12,6,AG Murtaza,0,0.5569268532320378
501212,1,5,6,R McLaren,0,0.48446261178660993
501212,1,15,6,RJ Harris,0,0.3464528141443515
501212,2,5,6,I Sharma,1,0.33090369239748374
501212,2,8,6,DT Christian,1,0.9621173701304054
501221,1,5,6,Joginder Sharma,0,0.10327115227210432
501221,1,8,6,R Ashwin,0,0.09136039760666093
501221,1,12,6,R Ashwin,0,0.2568435029488775
501221,2,5,6,MM Patel,0,0.5461067016737806
501221,2,12,6,KA Pollard,0,0.18996559269234978
501221,2,15,6,Harbhajan Singh,1,0.3112977729442507
501224,1,5,6,I Sharma,1,0.6387468373473882
501224,1,8,6,A Mishra,1,0.12277443299973054
501224,1,15,6,I Sharma,1,0.4715814536970822
501224,2,5,6,SL Malinga,0,0.08194785869060886
501224,2,8,6,R Sathish,1,0.5521649573493708
501224,2,12,6,AN Ahmed,1,0.4586253599794499
501224,2,15,6,SL Malinga,1,0.2370691941526526
501225,1,5,6,A Singh,0,0.66289512903179
501225,1,8,6,J Botha,0,0.5938880925226002
501225,1,12,6,SK Trivedi,1,0.6307625513996524
501225,2,5,6,M Muralitharan,0,0.40301265276994913
501225,2,12,6,M Muralitharan,0,0.7060660435290272
501226,1,5,6,M Kartik,1,0.7097859149572259
501226,1,8,6,R Sharma,0,0.22374647852563917
501226,1,15,6,AC Thomas,1,0.4933782344358308
501226,2,5,6,R Ashwin,0,0.5004321534150669
501226,2,8,6,S Randiv,0,0.4178338305602671
501226,2,12,6,DE Bollinger,1,0.6753002308937824
501229,1,5,6,R Vinay Kumar,0,0.05322984017650846
501229,1,8,6,NLTC Perera,0,0.17427296593265099
501229,1,12,6,RA Jadeja,1,0.9010838278552858
501229,2,8,6,DT Christian,0,0.13991474033397702
501230,1,5,6,UT Yadav,1,0.4763343551212703
501230,1,8,6,AB Agarkar,0,0.32821924853342577
501230,1,12,6,M Morkel,0,0.5774304056328438
501230,2,5,6,Iqbal Abdulla,1,0.4608370837465114
501230,2,8,6,JD Unadkat,0,0.4356072661518376
501230,2,12,6,Iqbal Abdulla,0,0.4071058627472353
501230,2,15,6,B Lee,1,0.45854133986170703
501231,1,5,6,A Singh,1,0.2762334485457449
501231,1,12,6,SR Watson,0,0.26005434958305884
501231,1,15,6,J Botha,1,0.09645591487773528
501231,2,5,6,AG Murtaza,0,0.16694519177506958
501231,2,8,6,Harbhajan Singh,1,0.5193220096034871
501231,2,15,6,KA Pollard,1,0.4744932054600948
501240,1,5,6,R Ashwin,1,0.8261350100322405
501240,1,8,6,SB Jakati,1,0.4679432960741656
501240,1,12,6,R Ashwin,1,0.6530648762367299
501240,2,5,6,J Botha,1,0.48267247517540746
501240,2,8,6,SR Watson,1,0.6738906861426961
501240,2,15,6,SK Trivedi,0,0.6599609560741766
501243,1,5,6,M Morkel,1,0.6689919485870248
501243,1,8,6,AB Agarkar,0,0.23490333619456452
501243,1,12,6,AM Salvi,0,0.29054184729960497
501243,2,5,6,I Sharma,0,0.21540335288115517
501243,2,8,6,DT Christian,1,0.4964266311227956
501243,2,12,6,DW Steyn,1,0.32032293110487653
501250,1,5,6,WD Parnell,1,0.6932275350344541
501250,1,8,6,Yuvraj Singh,1,0.3160821754341048
501250,1,12,6,R Sharma,1,0.41091695605440737
501250,1,15,6,MR Marsh,1,0.38568966617395434
501250,2,5,6,A Mishra,1,0.6390378805577578
501250,2,12,6,DT Christian,0,0.20757830296525503
501254,1,5,6,SJ Srivastava,1,0.8375617308933773
501254,1,8,6,Bipul Sharma,1,0.7008263271258569
501254,1,12,6,BA Bhatt,0,0.5192179608144935
501254,1,15,6,RJ Harris,1,0.7811818273230456
501254,2,5,6,S Sreesanth,0,0.7885936440553093
501254,2,8,6,R Vinay Kumar,0,0.7291061837661432
501254,2,12,6,RA Jadeja,1,0.9847018068162604
501254,2,15,6,RA Jadeja,1,0.7982599599175842
501256,1,5,6,DS Kulkarni,1,0.5993098725302599
501256,1,12,6,SL Malinga,0,0.08762074366714724
501256,1,15,6,SL Malinga,0,0.19481834551816965
501256,2,5,6,I Sharma,0,0.29834063458940674
501256,2,8,6,DT Christian,1,0.30349642307197666
501256,2,12,6,DT Christian,1,0.3149297671706283
501256,2,15,6,Anand Rajan,0,0.24198687633470567
501265,1,5,6,SS Mundhe,1,0.2777110743231325
501265,1,8,6,MR Marsh,0,0.3136994845853901
501270,1,5,6,SL Malinga,0,0.37032128964918154
501270,1,8,6,KA Pollard,1,0.8430436483836478
501270,1,12,6,KA Pollard,0,0.4768582178045952
501270,1,15,6,AN Ahmed,1,0.9053010045868395
501270,2,5,6,S Aravind,0,0.6880652620797238
501270,2,8,6,DL Vettori,1,0.4480190640603528
501270,2,15,6,J Syed Mohammad,1,0.49240981088280855
548310,1,5,6,M Morkel,0,0.30302588321087404
548310,1,8,6,GJ Maxwell,0,0.1183158385985081
548310,1,12,6,S Nadeem,1,0.34775020382953004
548310,2,5,6,AB McDonald,1,0.252470133641883
548310,2,8,6,DL Vettori,1,0.4203166803343315
548310,2,12,6,HV Patel,0,0.09589314845985833
548311,1,5,6,DT Christian,0,0.18895404625959328
548311,1,8,6,TP Sudhindra,0,0.12354423136189614
548311,1,12,6,DT Christian,0,0.19933977088085536
548311,2,5,6,DE Bollinger,1,0.8017397702565601
548311,2,12,6,RA Jadeja,1,0.44454383701603606
548320,1,8,6,Shakib Al Hasan,0,0.15742370902656216
548320,1,12,6,SP Narine,1,0.3424921636261362
548320,1,15,6,R Bhatia,1,0.5816285432868997
548320,2,5,6,A Singh,0,0.5032276601334943
548320,2,8,6,SK Trivedi,1,0.698138190486426
548320,2,15,6,SK Trivedi,0,0.5283167738877322
548327,1,5,6,DL Vettori,1,0.7188111417966139
548327,1,8,6,HV Patel,1,0.6351518124899133
548327,1,12,6,DL Vettori,0,0.45071995323354247
548327,1,15,6,Z Khan,0,0.49746587700672606
548327,2,5,6,MN Samuels,0,0.07392482847272842
548327,2,8,6,B Kumar,0,0.39585663214800965
548327,2,15,6,A Nehra,0,0.6539514388839741
548334,1,5,6,Azhar Mahmood,1,0.842531054098525
548334,1,8,6,PP Chawla,0,0.16472767457213103
548334,2,5,6,KA Pollard,1,0.28497480556752514
548334,2,8,6,KA Pollard,1,0.23392560668684675
548334,2,12,6,NLTC Perera,0,0.6620248328606512
548337,1,5,6,M Morkel,0,0.45342355873718904
548337,1,8,6,P Negi,1,0.615338455574829
548337,1,12,6,UT Yadav,1,0.7342688671374668
548337,2,8,6,R Sharma,1,0.7195699102856283
548337,2,12,6,M Kartik,1,0.5567406467928218
548348,1,5,6,WD Parnell,0,0.2639273090695965
548348,1,8,6,A Nehra,0,0.40575500778707896
548348,1,12,6,SC Ganguly,0,0.5628519302335661
548348,1,15,6,WD Parnell,1,0.4745466994897021
548348,2,5,6,DW Steyn,1,0.917424501686702
548348,2,8,6,JP Duminy,0,0.6631813671048186
548348,2,15,6,DW Steyn,0,0.8144547526025594
548353,1,5,6,AB Dinda,0,0.8962478280958177
548353,1,12,6,M Kartik,0,0.36451900122231873
548353,2,5,6,M de Lange,0,0.791579046812252
548353,2,8,6,SP Narine,0,0.06347412934433122
548353,2,12,6,YK Pathan,0,0.27932528149158964
548353,2,15,6,R Bhatia,0,0.54760423265143
548355,1,5,6,SL Malinga,0,0.22637861429201792
548355,1,8,6,RP Singh,1,0.42059416490397655
548355,2,5,6,R Ashwin,1,0.5436856871244028
548355,2,8,6,DJ Bravo,1,0.7687809331029132
548355,2,12,6,SB Jakati,0,0.3244301415880556
548357,1,5,6,JH Kallis,1,0.5053846637425159
548357,1,8,6,R Bhatia,1,0.7913128972894365
548357,1,12,6,SP Narine,0,0.1800307797118757
548357,2,5,6,UT Yadav,1,0.7299924950344968
548357,2,8,6,VR Aaron,1,0.4380856732285402
548357,2,12,6,IK Pathan,0,0.554109724660658
548357,2,15,6,UT Yadav,0,0.5579319001279401
548363,1,5,6,SP Narine,0,0.2684596126879057
548363,1,8,6,JH Kallis,0,0.440669795686871
548363,1,15,6,SP Narine,0,0.2541545855525697
548363,2,5,6,PP Ojha,0,0.4188425828689827
548363,2,8,6,DR Smith,0,0.1329521566412802
548363,2,12,6,DR Smith,0,0.5249641481007563
548363,2,15,6,SL Malinga,1,0.48250537570220114
548375,1,5,6,B Kumar,0,0.25379056587940096
548375,1,8,6,MJ Clarke,0,0.271290201336452
548375,1,15,6,A Nehra,0,0.5665848970269994
548375,2,5,6,SP Narine,1,0.42375134770717404
548375,2,8,6,L Balaji,1,0.6358514985976161
548375,2,12,6,R Bhatia,0,0.17961851928124078
548377,1,5,6,DS Kulkarni,0,0.2650925768358379
548377,1,8,6,DR Smith,0,0.1273249121550802
548377,1,15,6,KA Pollard,0,0.48091493234114174
548377,2,5,6,GB Hogg,0,0.2069103126258059
548377,2,8,6,SK Trivedi,1,0.6872402936513725
598006,1,5,6,A Nehra,0,0.6952413880806401
598006,1,8,6,UT Yadav,1,0.5747586429993534
598006,1,15,6,UT Yadav,1,0.4425451703419292
598006,2,5,6,SL Malinga,1,0.3117891322646199
598006,2,8,6,Harbhajan Singh,1,0.5238469308831398
598006,2,12,6,PP Ojha,1,0.7277343982120931
598006,2,15,6,SL Malinga,1,0.34032980613776315
598013,1,5,6,I Sharma,0,0.37304324119786264
598013,1,8,6,A Mishra,0,0.5131187889886917
598013,1,12,6,NLTC Perera,0,0.49679952440780006
598013,2,5,6,SMSM Senanayake,1,0.4210666322646124
598013,2,8,6,JH Kallis,0,0.23303188427815655
598013,2,12,6,L Balaji,1,0.6060026076219984
598013,2,15,6,SP Narine,1,0.6050475080396398
598019,1,5,6,SL Malinga,1,0.6345546968400955
598019,1,8,6,Harbhajan Singh,0,0.08495458800613749
598019,1,12,6,SL Malinga,1,0.42346288415166716
598019,1,15,6,PP Ojha,0,0.4133908183345794
598019,2,8,6,SK Trivedi,0,0.11290172518614483
598019,2,12,6,JP Faulkner,1,0.3303375435548634
598019,2,15,6,KK Cooper,1,0.6458649280176381
598021,1,5,6,I Sharma,1,0.5603721689676582
598021,1,8,6,KV Sharma,0,0.14208708090642716
598021,1,12,6,NLTC Perera,1,0.3471266548433453
598021,1,15,6,A Mishra,0,0.33409959033957914
598021,2,5,6,Azhar Mahmood,0,0.4457760333371401
598021,2,8,6,AD Mascarenhas,0,0.3188174380769017
598021,2,12,6,Azhar Mahmood,0,0.2864002930690101
598021,2,15,6,MS Gony,0,0.30988542787233175
598054,1,5,6,UT Yadav,0,0.48741937798526025
598054,1,8,6,UT Yadav,0,0.6433956178543746
598054,1,12,6,M Morkel,0,0.3110658560565988
598054,1,15,6,S Kaul,0,0.48807355550427656
598054,2,5,6,JD Unadkat,0,0.24880326226710905
598054,2,8,6,J Syed Mohammad,1,0.9983911984282299
598054,2,12,6,R Vinay Kumar,1,0.7805461449757412
598055,1,5,6,AN Ahmed,1,0.655195005014426
598055,1,8,6,PP Ojha,0,0.6045463621907
598055,1,12,6,SL Malinga,1,0.7062764584742965
598055,2,5,6,KW Richardson,1,0.6818584448009055
598055,2,8,6,BAW Mendis,0,0.3220407109963978
598055,2,12,6,Yuvraj Singh,0,0.3049259170013532
598055,2,15,6,AB Dinda,0,0.5777764130666749
598060,1,5,6,Harbhajan Singh,1,0.3532469060384933
598060,1,8,6,PP Ojha,0,0.6019195908947297
598060,1,12,6,MG Johnson,0,0.6254338083709686
598060,2,5,6,I Sharma,0,0.4765058143157194
598060,2,8,6,KV Sharma,1,0.5463204487957827
598060,2,15,6,DW Steyn,1,0.3232718104168256
598061,1,5,6,SMSM Senanayake,1,0.6993105915099209
598061,1,12,6,L Balaji,0,0.736950831717502
598061,2,5,6,AD Mathews,0,0.215493193842828
598061,2,8,6,AD Mathews,0,0.7172771379744958
598061,2,12,6,AG Murtaza,1,0.7490331859351378
598063,1,5,6,SR Watson,0,0.1706302274715364
598063,1,8,6,KK Cooper,1,0.31084445154274376
598063,1,12,6,KK Cooper,0,0.23894849461500323
598063,1,15,6,JP Faulkner,1,0.5021267157297904
598063,2,5,6,DS Kulkarni,0,0.30367922474895664
598063,2,8,6,Harbhajan Singh,0,0.433324990018366
598067,1,5,6,UT Yadav,0,0.11393086177897034
598067,1,8,6,UT Yadav,0,0.7759987201034337
598067,1,12,6,S Nadeem,0,0.3461457246575461
598067,1,15,6,M Morkel,0,0.6305506646388848
598067,2,5,6,B Kumar,0,0.4533910410857227
598067,2,8,6,AD Mathews,1,0.28356143082611507
598067,2,15,6,WD Parnell,1,0.853038681301673
598068,1,5,6,DJ Bravo,0,0.7184230077809731
598073,1,8,6,R Ashwin,0,0.23057602818914033
598073,1,12,6,R Ashwin,0,0.33042357783034004
598073,1,15,6,DJ Bravo,0,0.3080636864999949
598073,2,8,6,Harbhajan Singh,1,0.3898341115237353
598073,2,12,6,PP Ojha,0,0.3794747756122057
598073,2,15,6,KA Pollard,0,0.3580688399236543
729283,1,5,6,MG Johnson,1,0.6290815703327585
729283,1,8,6,AR Patel,0,0.29428069346995706
729283,1,15,6,MG Johnson,1,0.6203978020526121
729283,2,5,6,R Ashwin,1,0.8659996237282055
729283,2,8,6,P Negi,0,0.492334481216695
729283,2,12,6,P Negi,1,0.7587326043976133
729285,1,5,6,JP Faulkner,1,0.6589356445981922
729285,1,8,6,PV Tambe,1,0.39277830643066264
729285,1,12,6,PV Tambe,1,0.2609405202784322
729285,2,5,6,B Kumar,0,0.26129624951074737
729285,2,8,6,A Mishra,0,0.17502595294742912
729285,2,12,6,KV Sharma,1,0.1963166462620167
729285,2,15,6,A Mishra,0,0.3251120197363457
729287,1,5,6,JA Morkel,1,0.5066785630351468
729287,1,8,6,AB Dinda,0,0.04734206688043927
729287,1,12,6,Yuvraj Singh,1,0.1826579906133844
729287,2,5,6,Z Khan,0,0.43399633053511555
729287,2,8,6,PP Ojha,0,0.35164048056800473
729287,2,12,6,SL Malinga,0,0.5073817688085469
729289,1,5,6,JD Unadkat,0,0.12028295154084657
729289,1,8,6,S Nadeem,0,0.2648311514382125
729289,2,5,6,Shakib Al Hasan,0,0.31447810030440077
729289,2,12,6,SP Narine,1,0.2933567523684833
729289,2,15,6,M Morkel,0,0.47009124663138024
729295,1,5,6,KV Sharma,0,0.14802147464374094
729295,1,8,6,A Mishra,0,0.5230270612789581
729295,1,12,6,A Mishra,0,0.8296303365928805
729295,1,15,6,B Kumar,0,0.24854117575811852
729295,2,5,6,R Dhawan,1,0.8704807302492432
729295,2,8,6,R Dhawan,1,0.8288675333459048
729295,2,12,6,AR Patel,1,0.363136340479422
729295,2,15,6,MG Johnson,1,0.4945797690294539
729311,1,5,6,R Ashwin,0,0.21081397846986458
729311,1,8,6,RA Jadeja,1,0.6870743467500111
729311,1,15,6,R Ashwin,1,0.4228032574027401
729311,2,5,6,KV Sharma,0,0.5583182433850382
729311,2,8,6,A Mishra,0,0.4899329374604098
729311,2,12,6,A Mishra,0,0.4943060506919061
729311,2,15,6,B Kumar,1,0.4497276968234622
733971,1,5,6,PP Chawla,0,0.7775338595494347
733971,1,8,6,R Vinay Kumar,1,0.7815154491758665
733971,1,15,6,SP Narine,1,0.540346868788053
733971,2,5,6,RA Jadeja,0,0.13737080674652405
733971,2,8,6,R Ashwin,0,0.49492011226560073
733973,1,5,6,SL Malinga,0,0.15821639522078443
733973,1,8,6,SL Malinga,1,0.5062060186042326
733973,2,5,6,MG Johnson,0,0.3795593006926281
733973,2,8,6,AR Patel,0,0.39212803784106165
733973,2,15,6,L Balaji,0,0.34041759432816543
733977,1,5,6,HV Patel,0,0.22937784294589547
733977,1,8,6,YS Chahal,0,0.1688315554125468
733977,1,12,6,VR Aaron,0,0.42862386079238
733977,2,5,6,B Kumar,0,0.2521619734644503
733977,2,8,6,KV Sharma,0,0.21706176672037927
733977,2,12,6,DJG Sammy,0,0.23452589692334938
734017,1,5,6,KK Cooper,0,0.6374716798852165
734017,1,8,6,DS Kulkarni,0,0.509440946645267
734017,1,12,6,R Bhatia,0,0.6659735277872884
734017,2,5,6,K Santokie,0,0.8016323774100167
734017,2,8,6,S Gopal,1,0.6277139123139903
734017,2,12,6,S Gopal,0,0.4741348360321544
734039,1,8,6,Karanveer Singh,1,0.3883859786378221
734039,1,12,6,Karanveer Singh,1,0.3755140593701599
734039,1,15,6,AR Patel,1,0.3928453745720517
734045,1,5,6,MM Sharma,1,0.8149753465249351
734045,1,8,6,R Ashwin,1,0.3537166500605993
734045,1,15,6,A Nehra,0,0.39104545418421144
734045,2,5,6,JJ Bumrah,1,0.9764206390353494
734045,2,8,6,Harbhajan Singh,0,0.36448399625418665
829707,1,5,6,JA Morkel,1,0.7251154226238948
829707,1,8,6,Imran Tahir,0,0.38587914107152993
829707,2,5,6,MM Sharma,0,0.6826954224722939
829707,2,8,6,IC Pandey,0,0.5994807340200592
829707,2,12,6,DJ Bravo,0,0.36555824576793466
829715,1,5,6,DJ Hooda,1,0.19320546485829146
829715,1,8,6,JP Faulkner,1,0.9402087455597355
829715,1,12,6,JP Faulkner,0,0.6253806485688558
829715,1,15,6,JP Faulkner,0,0.7245486747090323
829715,2,5,6,NM Coulter-Nile,0,0.5422689975552488
829715,2,8,6,Imran Tahir,0,0.19572124312778721
829715,2,12,6,AD Mathews,0,0.54288906564114
829715,2,15,6,Imran Tahir,1,0.4384113763875368
829721,1,5,6,TG Southee,0,0.3500125835866809
829721,1,8,6,JP Faulkner,0,0.0380405351750011
829721,1,12,6,CH Morris,0,0.500803996545084
829721,1,15,6,TG Southee,0,0.5974533778707761
829721,2,5,6,SL Malinga,0,0.767493461305935
829721,2,8,6,J Suchith,0,0.6768418740922072
829721,2,15,6,P Suyal,0,0.8015558704969723
829733,1,5,6,M Morkel,0,0.510419274665998
829733,1,8,6,SP Narine,0,0.2408998703567369
829733,1,12,6,PP Chawla,0,0.26197584096793375
829733,1,15,6,SP Narine,0,0.23462658281171594
829733,2,5,6,MG Johnson,1,0.9632129472621154
829733,2,8,6,AR Patel,0,0.11109735936009317
829737,1,5,6,D Wiese,0,0.04175524580480779
829737,1,8,6,Iqbal Abdulla,0,0.38319063745289345
829737,1,12,6,Iqbal Abdulla,0,0.3645635027759205
829737,1,15,6,D Wiese,0,0.2944558355564449
829737,2,5,6,JJ Bumrah,1,0.9934163823162715
829737,2,8,6,Harbhajan Singh,1,0.5723991756157779
829737,2,12,6,SL Malinga,0,0.5294969174923639
829737,2,15,6,HH Pandya,0,0.7072017566263145
829759,1,5,6,Anureet Singh,1,0.6039733105489309
829759,1,8,6,M Vijay,0,0.2787879993345499
829759,1,15,6,Anureet Singh,1,0.4213873391879114
829759,2,5,6,P Kumar,1,0.9754307341320134
829759,2,8,6,KV Sharma,1,0.6145172603837441
829759,2,15,6,B Kumar,1,0.548099575685878
829767,1,5,6,NM Coulter-Nile,0,0.1555719663042547
829767,1,8,6,JP Duminy,1,0.2988437299222498
829767,1,12,6,AD Mathews,0,0.06560706198406534
829767,1,15,6,Imran Tahir,1,0.8230770085122048
829767,2,5,6,Anureet Singh,0,0.2745273572422659
829767,2,8,6,SN Thakur,1,0.9207353368368656
829777,1,5,6,NM Coulter-Nile,0,0.30180910734857214
829777,1,8,6,AD Mathews,0,0.25492689735807456
829777,1,15,6,A Mishra,0,0.45278361303104847
829777,2,5,6,DS Kulkarni,1,0.7359544065402652
829777,2,8,6,JP Faulkner,0,0.2887775491454154
829777,2,12,6,R Bhatia,1,0.9076370314775092
829777,2,15,6,DS Kulkarni,0,0.5555250624349856
829797,1,5,6,PV Tambe,1,0.8907530161495548
829797,1,8,6,PV Tambe,0,0.4617722281961912
829797,1,15,6,JP Faulkner,0,0.42130635316927345
829797,2,5,6,MM Sharma,1,0.6011113296705901
829797,2,8,6,P Negi,0,0.7029052633269531
829797,2,12,6,P Negi,1,0.6736248512672652
829797,2,15,6,DJ Bravo,0,0.6949597960187099
829809,1,8,6,R Ashwin,1,0.27194780908058264
829809,1,15,6,P Negi,1,0.5693001476229052
829809,2,5,6,R Dhawan,1,0.378337139827586
829809,2,8,6,Anureet Singh,0,0.1461895817636347
829811,1,5,6,Shakib Al Hasan,1,0.9121063439783971
829811,1,8,6,AD Russell,1,0.7404283442890996
829811,1,12,6,AD Russell,0,0.42123236570734757
829811,1,15,6,M Morkel,1,0.48945760850090014
829811,2,5,6,DS Kulkarni,0,0.480593728051327
829811,2,8,6,DS Kulkarni,0,0.6563926584763032
829811,2,12,6,BB Sran,1,0.7499628946771559
829811,2,15,6,SR Watson,1,0.700463123054142
829813,1,5,6,MA Starc,0,0.37421517495435314
829813,1,8,6,D Wiese,1,0.8257296838024162
829813,1,12,6,D Wiese,1,0.569627637955603
980909,1,5,6,MJ McClenaghan,0,0.2733259379204224
980909,1,8,6,J Suchith,1,0.9848438143060793
980909,1,12,6,JJ Bumrah,0,0.34267772123232765
980909,2,5,6,GB Hogg,0,0.4032872846595774
980909,2,8,6,PP Chawla,0,0.5076587407584627
980909,2,12,6,JW Hastings,1,0.5973436278595491
980909,2,15,6,AD Russell,0,0.7345072930605526
980917,1,5,6,DS Kulkarni,0,0.2165626491238276
980917,1,8,6,SB Jakati,1,0.30555674997313886
980917,1,15,6,DJ Bravo,0,0.2021706487189857
980917,2,5,6,KH Pandya,1,0.47483846043729216
980917,2,8,6,MJ McClenaghan,1,0.4188752181556731
980917,2,12,6,JJ Bumrah,0,0.2619022304480275
980949,1,8,6,RA Jadeja,0,0.4397062312781945
980949,2,5,6,R Ashwin,1,0.9152727105888994
980949,2,8,6,R Bhatia,1,0.8126153436674174
980949,2,15,6,NLTC Perera,1,0.7932272191158016
980969,1,5,6,VR Aaron,1,0.8443510406268141
980969,1,8,6,YS Chahal,0,0.42387184390353977
980969,1,15,6,SR Watson,1,0.4007961902162028
980969,2,5,6,NLTC Perera,0,0.6013592412764509
980969,2,8,6,A Zampa,0,0.43698432990880864
980969,2,12,6,R Bhatia,0,0.5242599459520648
980969,2,15,6,RP Singh,0,0.3686980914657656
980981,1,5,6,MJ McClenaghan,0,0.20966275901768794
980981,1,8,6,JJ Bumrah,0,0.3248978000995329
980981,1,15,6,JJ Bumrah,1,0.39373759136847786
980981,2,5,6,S Aravind,1,0.38269573983160404
980981,2,8,6,YS Chahal,1,0.24355094515695863
980981,2,15,6,VR Aaron,0,0.40776622725263495
980993,1,5,6,S Nadeem,1,0.7252451807643392
980993,1,8,6,A Mishra,0,0.5990253041272394
980993,1,12,6,Imran Tahir,0,0.7838207268319785
980993,2,5,6,JJ Bumrah,0,0.06877953433983187
980993,2,12,6,JJ Bumrah,1,0.22135586364456228
980993,2,15,6,JJ Bumrah,1,0.2809611109307979
980995,1,5,6,SR Watson,0,0.6209019763890764
980995,1,8,6,YS Chahal,1,0.9065951633924474
980995,2,5,6,PP Chawla,0,0.8058338550223759
980995,2,8,6,AS Rajpoot,0,0.4775446575600375
980995,2,12,6,Shakib Al Hasan,0,0.6024067070302149
980997,1,5,6,NLTC Perera,0,0.08226162472120832
980997,1,8,6,IK Pathan,1,0.3226390014006076
980997,1,12,6,A Zampa,1,0.3166763121860386
980997,1,15,6,R Ashwin,0,0.2088650179887703
980997,2,5,6,CH Morris,0,0.2976254087803064
980999,1,5,6,AR Patel,0,0.5557945894347193
980999,1,8,6,AR Patel,0,0.46931546789118445
980999,1,12,6,MM Sharma,0,0.515488964361857
980999,2,5,6,SR Watson,1,0.10671092899990232
980999,2,8,6,YS Chahal,1,0.6970977246414198
981011,1,5,6,YS Chahal,0,0.11869672895409833
981011,1,8,6,SR Watson,0,0.5504597985036942
981011,1,12,6,CH Gayle,1,0.49097211460699874
981011,2,8,6,P Negi,0,0.5800130675388975
981011,2,12,6,CR Brathwaite,0,0.4287998513601298
1082592,1,8,6,A Zampa,1,0.7810098597798489
1082592,1,12,6,BA Stokes,1,0.6562184700044686
1082592,2,5,6,MJ McClenaghan,1,0.8684553615314247
1082592,2,8,6,HH Pandya,1,0.8160024419477486
1082592,2,12,6,MJ McClenaghan,1,0.8044994450344184
1082601,1,5,6,PP Chawla,0,0.14778204007450724
1082601,1,8,6,CR Woakes,1,0.8757529553473293
1082601,1,12,6,UT Yadav,0,0.47242094364190634
1082601,1,15,6,SP Narine,0,0.35801363970851924
1082601,2,5,6,VR Aaron,1,0.9733830489378174
1082601,2,8,6,MP Stoinis,0,0.39500821990567003
1082601,2,12,6,MM Sharma,1,0.6697066556638075
1082607,1,5,6,S Aravind,1,0.6787951335753212
1082607,1,8,6,P Negi,0,0.23743646898779647
1082607,1,12,6,SR Watson,0,0.5064762852661906
1082607,1,15,6,SR Watson,0,0.5554781031838383
1082607,2,5,6,BA Stokes,0,0.1448872919612484
1082607,2,8,6,Imran Tahir,1,0.6741890683189988
1082607,2,15,6,BA Stokes,1,0.42198378387407504
1082615,1,5,6,SN Thakur,0,0.8594270785560577
1082615,1,8,6,Imran Tahir,0,0.11409766178932088
1082615,1,12,6,DT Christian,0,0.3706906296736885
1082615,2,5,6,S Kaul,1,0.9957591795208048
1082615,2,8,6,Rashid Khan,1,0.5203607050180808
1082615,2,12,6,Mohammed Siraj,0,0.7913858815045152
1082615,2,15,6,Mohammed Siraj,0,0.7234274918624435
1082624,1,5,6,YS Chahal,0,0.9273894573393581
1082624,1,8,6,P Negi,1,0.6658117517225512
1082624,2,5,6,DT Christian,0,0.48879345969486565
1082624,2,8,6,Washington Sundar,0,0.2341595904433159
1082624,2,12,6,Imran Tahir,0,0.23593958995894176
1082624,2,15,6,JD Unadkat,0,0.5736222779076616
1082626,1,5,6,MM Sharma,1,0.07645142279031993
1082626,1,8,6,AR Patel,0,0.16309445817118098
1082626,1,12,6,AR Patel,0,0.3500378434915064
1082626,1,15,6,Sandeep Sharma,0,0.39968459159737874
1082626,2,5,6,Mohammed Shami,1,0.7129718031209289
1082628,1,5,6,MJ McClenaghan,1,0.7779150534214111
1082628,1,8,6,KH Pandya,1,0.5929656892953775
1082628,1,15,6,MJ McClenaghan,1,0.6029072552420264
1082628,2,5,6,YS Chahal,0,0.5594471052411571
1082628,2,8,6,SR Watson,0,0.3194746365257027
1082628,2,12,6,YS Chahal,0,0.5271277492464574
1082628,2,15,6,YS Chahal,1,0.5724573647361787
1082639,1,5,6,SP Narine,0,0.3802962516845386
1082639,1,8,6,CR Woakes,0,0.21472764887243104
1082639,1,12,6,AS Rajpoot,1,0.6830547927612372
1082639,1,15,6,Kuldeep Yadav,0,0.694113491520734
1082639,2,5,6,MJ Henry,1,0.8240172520452228
1082639,2,8,6,Swapnil Singh,0,0.625324837027128
1082639,2,15,6,Sandeep Sharma,1,0.5596972910185736
1082640,1,5,6,PJ Cummins,1,0.840243706045831
1082640,1,12,6,CJ Anderson,1,0.7074106354703127
1082640,2,8,6,RA Jadeja,1,0.567416008683149
1082643,1,5,6,Mohammad Nabi,1,0.5318041078479195
1082643,1,8,6,Rashid Khan,1,0.9878765896449285
1082643,1,12,6,Mohammed Siraj,1,0.6351961108643045
1082643,2,5,6,JP Faulkner,1,0.9488696583964834
1082643,2,8,6,MM Patel,1,0.6826777951440577
1082648,1,5,6,SP Narine,0,0.07628913944134645
1082648,1,8,6,PP Chawla,1,0.5571762975383379
1082648,1,12,6,PP Chawla,0,0.329021244208101
1082648,1,15,6,UT Yadav,1,0.36074689556152295
1136566,1,5,6,CH Morris,0,0.5110852831892071
1136566,1,8,6,S Nadeem,1,0.7827986482084682
1136566,1,12,6,Mohammed Shami,1,0.37053361494821657
1136566,1,15,6,R Tewatia,0,0.37590809880714726
1136567,1,5,6,S Kaul,0,0.43550752556837924
1136567,1,8,6,Shakib Al Hasan,0,0.6291954370846498
1136567,1,12,6,Rashid Khan,0,0.24077679614723743
1136567,2,5,6,JJ Bumrah,1,0.8846150999504012
1136567,2,8,6,M Markande,1,0.6657068091327949
1136567,2,15,6,Mustafizur Rahman,1,0.6773696383752305
1136568,1,5,6,UT Yadav,0,0.21765381418268148
1136568,1,8,6,YS Chahal,1,0.4329010462187851
1136568,1,12,6,K Khejroliya,0,0.24231549849233652
1136568,2,5,6,R Ashwin,1,0.347513009112241
1136568,2,8,6,AR Patel,0,0.19760704664871992
1136568,2,15,6,AJ Tye,1,0.22962039993308817
1136571,1,5,6,CR Woakes,0,0.26071793288638334
1136571,1,8,6,Washington Sundar,0,0.23371319509022814
1136571,1,12,6,YS Chahal,1,0.181395500568153
1136571,1,15,6,UT Yadav,0,0.4228977277776669
1136571,2,5,6,BA Stokes,1,0.9480979663385748
1136571,2,8,6,S Gopal,1,0.33938907687040676
1136571,2,15,6,BA Stokes,0,0.3970534588633194
1136572,1,5,6,DL Chahar,1,0.849463089984726
1136572,1,8,6,SR Watson,0,0.33851511753145375
1136572,1,12,6,Imran Tahir,1,0.7897107544048265
1136572,1,15,6,SN Thakur,0,0.6681084909636115
1136572,2,5,6,Mujeeb Ur Rahman,1,0.31617902308581985
1136572,2,8,6,R Ashwin,0,0.46787771852512755
1136572,2,12,6,R Ashwin,0,0.4219190251789779
1136572,2,15,6,BB Sran,1,0.5205012483319708
1136573,1,5,6,S Nadeem,1,0.8382902356093614
1136573,1,8,6,R Tewatia,1,0.5631578459525369
1136573,1,12,6,Mohammed Shami,0,0.2712330129927229
1136573,1,15,6,CH Morris,1,0.684446469305196
1136573,2,5,6,SP Narine,1,0.8397563456138143
1136573,2,8,6,Kuldeep Yadav,0,0.7247834664094287
1136573,2,12,6,Kuldeep Yadav,1,0.7607154143707504
1136574,1,5,6,CR Woakes,0,0.44314772017084686
1136574,1,8,6,YS Chahal,0,0.5449827010196341
1136574,1,12,6,Mohammed Siraj,0,0.3859786260890715
1136574,1,15,6,CJ Anderson,0,0.4915542366178071
1136574,2,5,6,Mustafizur Rahman,0,0.8588605702224633
1136574,2,8,6,M Markande,0,0.2350417922683635
1136574,2,12,6,JJ Bumrah,0,0.37237633646658175
1136574,2,15,6,Mustafizur Rahman,0,0.7840183690515744
1136577,1,5,6,BA Stokes,1,0.8719460887814324
1136577,1,12,6,STR Binny,0,0.927531612399986
1136577,2,5,6,SR Watson,0,0.05993288504080512
1136577,2,8,6,SR Watson,1,0.40549072297881217
1136577,2,12,6,DJ Bravo,0,0.5066633508704558
1136584,1,8,6,Imran Tahir,0,0.1347856593690629
1136584,1,12,6,SN Thakur,0,0.44863387190114595
1136584,2,5,6,UT Yadav,1,0.25013754514813713
1136584,2,8,6,YS Chahal,1,0.31554784181008505
1136584,2,12,6,YS Chahal,1,0.2941028851171505
1136584,2,15,6,CJ Anderson,0,0.4973513408057105
1136585,1,5,6,BB Sran,1,0.6983904408688213
1136585,1,8,6,R Ashwin,0,0.22554966770663212
1136585,1,12,6,AJ Tye,1,0.4316060630989198
1136585,2,5,6,S Kaul,1,0.763673570555164
1136585,2,8,6,Basil Thampi,1,0.678608682727875
1136585,2,12,6,Shakib Al Hasan,0,0.3780817871381748
1136589,1,5,6,Shivam Mavi,0,0.050740685130109514
1136589,1,8,6,Kuldeep Yadav,1,0.32106082008113135
1136589,1,15,6,Shivam Mavi,0,0.15193560094096195
1136589,2,5,6,YS Chahal,0,0.1996204508654766
1136589,2,8,6,Mohammed Siraj,0,0.41216830361935997
1136589,2,12,6,M Ashwin,1,0.5113330688341644
1136598,1,5,6,AR Patel,0,0.09551539188921408
1136598,1,8,6,AJ Tye,1,0.4570465960882967
1136598,1,12,6,Mujeeb Ur Rahman,1,0.33130983456903995
1136598,1,15,6,AS Rajpoot,1,0.7189063018986401
1136598,2,5,6,JD Unadkat,0,0.03838955335897793
1136598,2,8,6,Anureet Singh,0,0.5039599764592861
1136607,1,5,6,DS Kulkarni,0,0.5002843277443707
1136607,1,12,6,BA Stokes,0,0.1607165636732222
1136607,1,15,6,JC Archer,1,0.20029189251986723
1136607,2,5,6,HH Pandya,0,0.36128196067649526
1136607,2,8,6,KH Pandya,1,0.4833999542741314
1136607,2,12,6,MJ McClenaghan,0,0.34000870835407154
1136609,1,5,6,SP Narine,1,0.44548102059462175
1136609,1,8,6,M Prasidh Krishna,1,0.8371798580795639
1136609,1,12,6,Shivam Mavi,1,0.6798010102258573
1136609,2,5,6,BA Stokes,1,0.41269555512784706
1136609,2,8,6,IS Sodhi,1,0.4181666300739588
1136612,1,5,6,SN Thakur,0,0.24344738132436064
1136612,1,8,6,DJ Bravo,0,0.16213299923967256
1136612,1,12,6,DJ Bravo,0,0.3309587861760811
1136612,1,15,6,L Ngidi,0,0.198178189147455
1136612,2,8,6,A Mishra,1,0.36740776987552587
1136612,2,12,6,A Mishra,1,0.28262105821497746
1175359,1,5,6,JC Archer,0,0.0698372753787708
1175359,1,8,6,K Gowtham,0,0.49390325165320814
1175359,1,15,6,BA Stokes,0,0.6625551736331701
1175359,2,5,6,SM Curran,1,0.9234016147405335
1175359,2,8,6,R Ashwin,1,0.3561915128258605
1175359,2,15,6,Mohammed Shami,1,0.46872701975160264
1175360,1,5,6,Harbhajan Singh,1,0.4580281767079003
1175360,1,8,6,RA Jadeja,0,0.08064358456366004
1175360,1,12,6,RA Jadeja,1,0.30503286476098845
1175360,1,15,6,DJ Bravo,1,0.7373285627770086
1175360,2,5,6,K Rabada,1,0.5538410173683356
1175360,2,8,6,A Mishra,1,0.6871270914427322
1175360,2,12,6,AR Patel,1,0.31077513573039217
1175360,2,15,6,K Rabada,1,0.4080917891482059
1175363,1,5,6,S Kaul,0,0.21063340336320935
1175363,1,8,6,Rashid Khan,1,0.5828449011722613
1175363,1,12,6,Rashid Khan,1,0.4853122258669598
1175363,2,5,6,JC Archer,0,0.7771154181827115
1175363,2,8,6,S Gopal,1,0.8703932604860393
1175363,2,12,6,JD Unadkat,0,0.4201679879462144
1175370,1,5,6,MM Sharma,0,0.03569465043910281
1175370,1,8,6,Imran Tahir,0,0.19218084434205449
1175370,1,12,6,DJ Bravo,0,0.10375371943230981
1175370,1,15,6,DJ Bravo,0,0.3389036116110417
1175370,2,5,6,HH Pandya,0,0.03528388795919736
1175370,2,12,6,JJ Bumrah,1,0.5036716184657942
1175370,2,15,6,SL Malinga,1,0.5225247605230348
1178400,1,5,6,MJ Santner,1,0.5193984636232108
1178400,1,8,6,RA Jadeja,1,0.36640739583863885
1178400,2,5,6,JC Archer,0,0.028841574836060136
1178400,2,8,6,R Parag,0,0.29599348162035044
1178400,2,12,6,S Gopal,1,0.5537992939849719
1178406,1,5,6,JJ Bumrah,0,0.10155675924646267
1178406,1,8,6,HH Pandya,0,0.3475673440551092
1178406,1,12,6,SL Malinga,1,0.46524715458233123
1178406,2,5,6,Navdeep Saini,1,0.8271418282849284
1178406,2,8,6,P Negi,0,0.5781016294069593
1178406,2,12,6,YS Chahal,1,0.4754451330554583
1178410,1,5,6,M Prasidh Krishna,0,0.8043669484957995
1178410,1,8,6,AD Russell,0,0.29033344988482995
1178410,1,12,6,SP Narine,0,0.5402076540802118
1178410,1,15,6,Kuldeep Yadav,1,0.8424824188821736
1178410,2,5,6,Mohammed Siraj,0,0.1816127944100064
1178410,2,8,6,MP Stoinis,0,0.16034014802555296
1178410,2,12,6,YS Chahal,0,0.9070176693424528
1178423,1,5,6,R Ashwin,1,0.8394395600495426
1178423,1,8,6,M Ashwin,0,0.4151555892651336
1178423,2,5,6,Rashid Khan,0,0.2788633014717007
1178423,2,8,6,Rashid Khan,1,0.5905356589122284
1178423,2,12,6,Rashid Khan,1,0.6338821736573764
1178423,2,15,6,B Kumar,0,0.6061642817953113
1178429,1,5,6,YS Chahal,1,0.308410255468858
1178429,1,8,6,K Khejroliya,0,0.11751622527673937
1178429,1,15,6,YS Chahal,1,0.2268018682524914
1178429,2,5,6,KK Ahmed,1,0.6454498284197351
1178429,2,8,6,Mohammad Nabi,0,0.5152495248817959
1178429,2,12,6,B Kumar,1,0.3285844953367081
1178429,2,15,6,V Shankar,1,0.9757006315155121
1178430,1,5,6,R Ashwin,1,0.17901579015192848
1178430,1,12,6,M Ashwin,0,0.2800274560505646
1178430,2,5,6,DJ Bravo,0,0.15679735290647528
1178430,2,12,6,Harbhajan Singh,0,0.8618386078451579
1178430,2,15,6,Imran Tahir,1,0.6631756454955844
1181766,1,5,6,I Sharma,0,0.6297277176597683
1181766,1,8,6,A Mishra,0,0.20781300323539206
1181766,2,5,6,Rashid Khan,1,0.30965595679638896
1181766,2,8,6,Rashid Khan,1,0.41813741911059604
1181766,2,12,6,Rashid Khan,1,0.3103452230364686
1216501,1,5,6,DL Chahar,0,0.7445795460380535
1216501,1,8,6,KV Sharma,1,0.5607065583456254
1216501,1,15,6,SN Thakur,0,0.2767923282807239
1216501,2,8,6,CV Varun,1,0.5369784641739946
1216501,2,15,6,SP Narine,0,0.3719181647889039
1216504,1,5,6,TK Curran,0,0.35477314410509364
1216504,1,8,6,S Gopal,0,0.6710711478345777
1216504,1,15,6,TK Curran,0,0.2791497319406596
1216504,2,12,6,CV Varun,0,0.2524304046261278
1216504,2,15,6,Kuldeep Yadav,0,0.2284508026921478
1216507,1,5,6,JD Unadkat,0,0.07932421150161924
1216507,1,12,6,JD Unadkat,0,0.16595365157823805
1216507,2,5,6,T Natarajan,0,0.35593603269386276
1216507,2,8,6,V Shankar,1,0.8027223589287585
1216507,2,12,6,V Shankar,1,0.43762326586968836
1216507,2,15,6,KK Ahmed,0,0.5313655868178438
1216513,1,5,6,SN Thakur,0,0.49569552929640065
1216513,1,8,6,PP Chawla,0,0.23363820404882138
1216513,1,12,6,DJ Bravo,0,0.4412904030631086
1216513,2,5,6,CJ Jordan,1,0.9877541754950034
1216513,2,8,6,Ravi Bishnoi,1,0.6756317387233558
1216513,2,12,6,Harpreet Brar,0,0.40777065586828015
1216514,1,5,6,Washington Sundar,1,0.24033957368162256
1216514,1,8,6,A Zampa,1,0.5419012997484173
1216514,1,15,6,I Udana,1,0.5604819405942254
1216514,2,5,6,TK Curran,0,0.7750041143079182
1216514,2,8,6,R Tewatia,0,0.35028093096782953
1216514,2,12,6,R Parag,1,0.9553965968783045
1216516,1,5,6,SN Thakur,1,0.6276761957086562
1216516,1,8,6,PP Chawla,1,0.5336737106864315
1216516,1,15,6,SN Thakur,0,0.4652732129095106
1216516,2,5,6,T Natarajan,0,0.46788548934389335
1216516,2,8,6,Abdul Samad,0,0.06761898073685195
1216516,2,12,6,KK Ahmed,0,0.3510048751672208
1216517,1,5,6,Arshdeep Singh,0,0.27840479789079303
1216517,1,12,6,M Ashwin,0,0.2791194737035841
1216517,1,15,6,Mohammed Shami,0,0.2299927171968769
1216517,2,5,6,TA Boult,1,0.8380876552128218
1216517,2,8,6,NM Coulter-Nile,0,0.2709803156010435
1216517,2,12,6,JJ Bumrah,0,0.10193104439698623
1216517,2,15,6,JJ Bumrah,0,0.2786519003772471
1216529,1,5,6,JL Pattinson,0,0.7174860281897508
1216529,1,8,6,RD Chahar,0,0.2071992518560422
1216529,1,12,6,KH Pandya,0,0.26495961368072807
1216529,1,15,6,TA Boult,1,0.4223323452894167
1216529,2,5,6,A Nortje,1,0.5494690126768293
1216529,2,15,6,MP Stoinis,0,0.6700695748235506
1216532,1,5,6,A Nortje,0,0.49548135498824375
1216532,1,8,6,I Sharma,1,0.6112874377703699
1216532,1,15,6,A Nortje,0,0.4971624729174798
1216532,2,5,6,T Natarajan,0,0.2994955649080567
1216532,2,8,6,Abhishek Sharma,0,0.37326843597866105
1216532,2,15,6,B Kumar,0,0.2884109930054092
1216533,1,5,6,Kartik Tyagi,0,0.33650132427683704
1216533,1,8,6,S Gopal,0,0.09736827518242026
1216533,1,15,6,BA Stokes,1,0.4878431894345392
1216533,2,5,6,JR Hazlewood,0,0.2717918204248097
1216533,2,12,6,PP Chawla,0,0.09909924531085747
1216542,1,5,6,Mujeeb Ur Rahman,0,0.24693787392573593
1216542,1,8,6,Mujeeb Ur Rahman,0,0.4239887442825451
1216542,1,12,6,Mohammed Shami,0,0.39554069959477334
1216542,1,15,6,Ravi Bishnoi,0,0.49235559918887445
1216542,2,5,6,T Natarajan,1,0.4444386500164447
1216542,2,12,6,Rashid Khan,1,0.27635110265322316
1216543,1,5,6,Kartik Tyagi,1,0.7753683343483649
1216543,1,8,6,S Gopal,0,0.30190945231541727
1216543,1,15,6,Kartik Tyagi,1,0.4271486370106081
1216543,2,5,6,K Rabada,1,0.6037922734332012
1216543,2,8,6,AR Patel,1,0.8297410708652456
1216543,2,12,6,A Nortje,1,0.6724498053657129
1254059,1,5,6,TK Curran,0,0.08322352441611092
1254059,1,8,6,R Ashwin,1,0.7958480742258339
1254059,1,12,6,MP Stoinis,0,0.6807201252973165
1254059,1,15,6,Avesh Khan,1,0.3721395252579796
1254059,2,5,6,DL Chahar,0,0.5927058567507154
1254059,2,12,6,MM Ali,1,0.7450922269353814
1254059,2,15,6,DJ Bravo,0,0.416932725721237
1254075,1,5,6,Mustafizur Rahman,0,0.22834776580980734
1254075,1,8,6,C Sakariya,0,0.30953160424454357
1254075,1,15,6,Mustafizur Rahman,0,0.2648934724943055
1254075,2,5,6,SP Narine,1,0.6107903964770075
1254075,2,8,6,PJ Cummins,1,0.8385049604498078
1254075,2,15,6,M Prasidh Krishna,0,0.2735545205845819
1254079,1,5,6,Avesh Khan,0,0.36300549021189654
1254079,1,8,6,A Mishra,0,0.6236083977370231
1254079,1,12,6,AR Patel,0,0.5148646821283599
1254079,1,15,6,K Rabada,0,0.5724312215350479
1254079,2,8,6,YS Chahal,0,0.09676844177009945
1254079,2,12,6,HV Patel,0,0.5959805891612846
1254079,2,15,6,KA Jamieson,0,0.2199452321596165
1254084,1,5,6,TA Boult,0,0.3803442809088119
1254084,1,8,6,RD Chahar,1,0.5758379287330926
1254084,1,12,6,RD Chahar,0,0.29988866734004005
1254084,1,15,6,DS Kulkarni,0,0.4383116787194134
1254084,2,5,6,L Ngidi,0,0.9346235684510316
1254084,2,8,6,RA Jadeja,0,0.32793298697256046
1254084,2,15,6,L Ngidi,0,0.8612616088434605
1254095,1,5,6,Shahbaz Ahmed,0,0.4461541409608888
1254095,1,8,6,Shahbaz Ahmed,1,0.5775989678622473
1254095,1,12,6,DT Christian,1,0.2974769599441857
1254095,2,5,6,S Kaul,1,0.6460756427649073
1254095,2,8,6,Umran Malik,0,0.39926349692644714
1254095,2,12,6,JO Holder,1,0.7254123269579793
1254098,1,5,6,SN Thakur,0,0.07204104254156131
1254098,1,8,6,RA Jadeja,1,0.5763887772000351
1254098,1,15,6,DL Chahar,0,0.6612361544337721
1254098,2,5,6,LH Ferguson,0,0.6456521774530409
1254098,2,8,6,AD Russell,1,0.8730978381130898
1254098,2,12,6,AD Russell,1,0.7985371934583003
1254100,1,5,6,S Kaul,1,0.8128090045104662
1254100,1,12,6,Rashid Khan,0,0.3439147973564868
1254100,1,15,6,S Kaul,1,0.6068420937404295
1254100,2,5,6,MK Lomror,0,0.3205652634561192
1254100,2,8,6,R Tewatia,0,0.3491734588530658
1254100,2,12,6,Mustafizur Rahman,0,0.3909913067775154
1254100,2,15,6,C Sakariya,0,0.3007650920786685
1254104,1,5,6,AF Milne,0,0.2577275403637274
1254104,1,8,6,RD Chahar,0,0.10275395332935484
1254104,1,12,6,RD Chahar,0,0.22868433259822074
1254104,2,5,6,SN Thakur,0,0.3381147982174177
1254104,2,8,6,MM Ali,0,0.32603423163332024
1254104,2,12,6,SN Thakur,0,0.32883204265796756
1254104,2,15,6,DJ Bravo,1,0.5025106199560302
1254107,1,5,6,Sandeep Sharma,0,0.28650015063235834
1254107,1,8,6,Rashid Khan,1,0.32515824777776364
1254107,1,12,6,Rashid Khan,1,0.3368037652366235
1254107,1,15,6,JO Holder,0,0.33696103505988734
1254107,2,5,6,Arshdeep Singh,1,0.5025193617565742
1254107,2,8,6,Harpreet Brar,0,0.4720069341729826
1254107,2,12,6,Ravi Bishnoi,0,0.42765770241237006
1254107,2,15,6,NT Ellis,0,0.5219448062453986
1254114,1,5,6,JR Hazlewood,0,0.4272913232246395
1254114,1,8,6,RA Jadeja,1,0.6528850776167554
1254114,1,12,6,DL Chahar,1,0.516059410625286
1254114,1,15,6,SN Thakur,1,0.8791953281458319
1254114,2,5,6,Avesh Khan,1,0.8969497137121171
1254114,2,8,6,R Ashwin,0,0.45599248012689264
1254114,2,15,6,A Nortje,0,0.43879486772191895
1254115,1,5,6,LH Ferguson,1,0.6703766318214802
1254115,1,8,6,Shakib Al Hasan,0,0.478898625278116
1254115,1,12,6,SP Narine,1,0.40792875904834536
1254115,2,5,6,HV Patel,1,0.6725163641867781
1254115,2,8,6,YS Chahal,1,0.4160034478029722
1254115,2,12,6,YS Chahal,1,0.44806828172615576
1304051,1,5,6,T Natarajan,0,0.23058269220472388
1304051,1,8,6,Umran Malik,1,0.7128668703983336
1304051,1,12,6,Umran Malik,1,0.4459919953497745
1304051,2,5,6,M Prasidh Krishna,0,0.1207121030526876
1304051,2,8,6,YS Chahal,0,0.12208799856379601
1304051,2,12,6,YS Chahal,1,0.3303749305923729
1304053,1,5,6,KH Pandya,1,0.9757561430068221
1304053,1,8,6,PVD Chameera,0,0.7709741158837947
1304053,2,5,6,DJ Bravo,0,0.2092904834115615
1304053,2,12,6,D Pretorius,1,0.6142115487116362
1304053,2,15,6,DJ Bravo,0,0.5633440409423984
1304056,1,5,6,Mustafizur Rahman,0,0.25031891901921516
1304056,1,8,6,Kuldeep Yadav,0,0.2900679246167688
1304056,1,12,6,Kuldeep Yadav,0,0.33868753482461217
1304056,2,5,6,Mohammed Shami,1,0.5258079393487011
1304056,2,12,6,Rashid Khan,0,0.35505276191267227
1304056,2,15,6,Rashid Khan,1,0.39422863247555584
1304064,1,5,6,Akash Deep,1,0.2254551804301932
1304064,1,8,6,PWH de Silva,1,0.42230206092097794
1304064,1,12,6,Shahbaz Ahmed,0,0.18077591297702525
1304064,1,15,6,Mohammed Siraj,0,0.36054522794376037
1304064,2,5,6,JJ Bumrah,0,0.17473072309694482
1304064,2,8,6,JD Unadkat,1,0.5051638349938736
1304064,2,12,6,JD Unadkat,0,0.41335269775320505
1304064,2,15,6,KA Pollard,1,0.4211952036296992
1304068,1,5,6,Akash Deep,0,0.5841666755569055
1304068,1,8,6,GJ Maxwell,0,0.27945894332984
1304068,1,15,6,JR Hazlewood,0,0.2946338497376495
1304068,2,5,6,M Theekshana,1,0.8048305840733797
1304068,2,8,6,RA Jadeja,0,0.8166750665597253
1304068,2,12,6,M Theekshana,0,0.7283092242480241
1304069,1,5,6,TS Mills,1,0.7616581399648716
1304069,1,8,6,TS Mills,1,0.6294560569082434
1304069,1,12,6,TS Mills,1,0.44605949566426795
1304069,2,5,6,Arshdeep Singh,0,0.25881176218846685
1304069,2,8,6,RD Chahar,1,0.9998466611793373
1304069,2,12,6,Arshdeep Singh,1,0.3912414894821748
1304070,1,5,6,M Prasidh Krishna,0,0.13313132549292908
1304070,1,8,6,R Ashwin,0,0.20379320293897432
1304070,1,12,6,YS Chahal,0,0.4481892402906464
1304070,1,15,6,YS Chahal,1,0.5231776475974546
1304070,2,5,6,LH Ferguson,1,0.7123915978609894
1304070,2,8,6,Rashid Khan,1,0.40507868413690357
1304070,2,12,6,Mohammed Shami,1,0.7120890805763779
1304070,2,15,6,LH Ferguson,1,0.5267122092809399
1304086,1,5,6,AS Joseph,1,0.5720151489706313
1304086,1,8,6,Rashid Khan,0,0.5330749716615871
1304086,1,12,6,Yash Dayal,1,0.33200675661689993
1304086,1,15,6,AS Joseph,0,0.5226623334288827
1304086,2,5,6,T Natarajan,0,0.7340857346998098
1304086,2,8,6,Washington Sundar,1,0.595388959371404
1304086,2,12,6,Washington Sundar,1,0.5578862341592458
1304086,2,15,6,Umran Malik,1,0.5412386169873121
1304092,1,5,6,M Jansen,0,0.26267172214305584
1304092,1,8,6,AK Markram,0,0.574682246849554
1304092,1,12,6,B Kumar,0,0.17350639907482518
1304092,1,15,6,T Natarajan,0,0.4152630718986389
1304092,2,5,6,Mukesh Choudhary,0,0.5695640634192783
1304092,2,8,6,RA Jadeja,0,0.17487074327404803
1304092,2,12,6,D Pretorius,1,0.7336950407961138
1304101,1,5,6,SN Thakur,0,0.6999077601277516
1304101,1,12,6,Kuldeep Yadav,1,0.8877884591287036
1304101,1,15,6,SN Thakur,0,0.7450859924099931
1304101,2,5,6,Simarjeet Singh,1,0.679380625346941
1304101,2,8,6,M Theekshana,1,0.7303091231005436
1304101,2,12,6,DJ Bravo,0,0.5702375110930673
1304101,2,15,6,Simarjeet Singh,1,0.6002341239573092
1304102,1,5,6,K Kartikeya,1,0.9774012140914241
1304102,1,8,6,K Kartikeya,0,0.7145870721960431
1304102,1,12,6,KA Pollard,1,0.9034709180761376
1304102,2,5,6,SP Narine,0,0.23143626699448103
1304102,2,8,6,CV Varun,1,0.5741095104460466
1312198,1,5,6,KH Pandya,1,0.7499128321036295
1312198,1,8,6,Avesh Khan,0,0.4371786755673809
1312198,1,12,6,KH Pandya,1,0.5424559645203061
1312198,2,5,6,Mohammed Siraj,1,0.5715763160669644
1312198,2,8,6,PWH de Silva,0,0.17447803854050467
1312198,2,15,6,Mohammed Siraj,1,0.48054719226682985
1359478,1,5,6,Fazalhaq Farooqi,1,0.7248829988952556
1359478,1,8,6,AU Rashid,0,0.2006412805032789
1359478,1,12,6,Fazalhaq Farooqi,1,0.4362987483114941
1359478,2,5,6,R Ashwin,1,0.5727376338537299
1359478,2,8,6,JO Holder,1,0.2780165790362891
1359478,2,12,6,NA Saini,0,0.8317462643433858
1359479,1,5,6,Akash Deep,1,0.7094583421462358
1359479,1,8,6,MG Bracewell,1,0.5965313989520606
1359479,1,12,6,Akash Deep,0,0.49586792283927444
1359479,1,15,6,KV Sharma,0,0.4891001482821271
1359479,2,5,6,JC Archer,1,0.6951509628339695
1359479,2,8,6,PP Chawla,0,0.4505177090374019
1359481,1,5,6,HH Pandya,1,0.20884983223798415
1359481,1,8,6,AS Joseph,0,0.401661159013041
1359481,1,12,6,Rashid Khan,0,0.2634193950697768
1359481,1,15,6,J Little,0,0.24675924475208114
1359481,2,5,6,KK Ahmed,1,0.6794786890013976
1359481,2,8,6,Mukesh Kumar,0,0.5254281373846761
1359481,2,12,6,A Nortje,0,0.5755779635555521
1359481,2,15,6,Mukesh Kumar,0,0.592003609330267
1359482,1,5,6,JO Holder,0,0.2608286660702905
1359482,1,8,6,TA Boult,0,0.45798409444903115
1359482,1,12,6,KM Asif,0,0.6784626405437243
1359482,1,15,6,YS Chahal,1,0.6254786842440335
1359482,2,5,6,NT Ellis,1,0.5117550813224101
1359482,2,8,6,Sikandar Raza,1,0.90527932078935
1359484,1,5,6,Yash Thakur,1,0.5857067185990218
1359484,1,8,6,Ravi Bishnoi,1,0.3166384319361489
1359484,1,12,6,A Mishra,0,0.071304632731033
1359484,2,8,6,AU Rashid,1,0.6436137843163761
1359484,2,12,6,Umran Malik,1,0.7759655471247325
1359487,1,5,6,CV Varun,1,0.9878945786676412
1359487,2,5,6,AS Joseph,0,0.2347945934820725
1359487,2,8,6,Rashid Khan,1,0.7746915708077917
1359487,2,12,6,Rashid Khan,1,0.7681869103431438
1359494,1,5,6,Lalit Yadav,0,0.20275369983033173
1359494,1,8,6,Kuldeep Yadav,1,0.6386760328655641
1359494,1,15,6,Lalit Yadav,1,0.5874348905862865
1359494,2,5,6,Vijaykumar Vyshak,1,0.46653927864677885
1359494,2,8,6,HV Patel,0,0.08566030512567258
1359494,2,12,6,Vijaykumar Vyshak,1,0.43345224192727866
1359499,1,5,6,B Kumar,1,0.3326449920725992
1359499,1,8,6,Washington Sundar,1,0.338358410429635
1359499,1,15,6,M Markande,0,0.27978853709336093
1359499,2,5,6,JP Behrendorff,0,0.3427702258656438
1359499,2,8,6,C Green,1,0.5739808758164887
1359499,2,12,6,C Green,1,0.3855446852990536
1359499,2,15,6,C Green,1,0.41335388228670095
1359502,1,5,6,I Sharma,0,0.35023847572137606
1359502,1,8,6,AR Patel,1,0.2597440489329188
1359502,1,12,6,A Nortje,1,0.29913975831345396
1359502,1,15,6,A Nortje,1,0.3174558059690379
1359502,2,5,6,SP Narine,1,0.7381728883580422
1359502,2,8,6,AS Roy,0,0.09793846401510711
1359502,2,12,6,SP Narine,0,0.4765061258536492
1359502,2,15,6,AS Roy,1,0.3380319276162089
1359508,1,8,6,M Markande,0,0.24691954553238504
1359508,2,5,6,A Nortje,0,0.22409190171150584
1359508,2,8,6,MR Marsh,0,0.35160139599403334
1359514,1,8,6,Kuldeep Yadav,0,0.5138921281309444
1359514,1,15,6,AR Patel,0,0.32558347628074746
1359514,2,5,6,AJ Hosein,1,0.6469908408110805
1359514,2,8,6,Abhishek Sharma,1,0.8350587311802871
1359514,2,12,6,Abhishek Sharma,0,0.48905903406979045
1359516,1,5,6,PP Chawla,0,0.282900495100939
1359516,1,15,6,RP Meredith,0,0.6213344195889456
1359516,2,5,6,Sandeep Sharma,0,0.4630630721358175
1359516,2,8,6,R Ashwin,1,0.5644554046752102
1359516,2,12,6,KR Sen,1,0.9988726177901728
1359516,2,15,6,TA Boult,0,0.6247053441906442
1359522,1,5,6,Rashid Khan,0,0.08345498629379193
1359522,1,8,6,J Little,1,0.45681221262355776
1359522,1,15,6,Noor Ahmad,1,0.5194520965301572
1359522,2,5,6,Sandeep Sharma,1,0.4348310068592008
1359522,2,8,6,A Zampa,0,0.5241910225104564
1359529,1,8,6,AR Patel,0,0.5035285651646896
1359529,1,12,6,MR Marsh,1,0.29018370254276155
1359529,1,15,6,Kuldeep Yadav,0,0.3732207619639375
1359529,2,5,6,M Theekshana,0,0.3312784000665539
1359529,2,8,6,RA Jadeja,0,0.3597080124378822
1359529,2,12,6,M Pathirana,0,0.5891320741186334
1359529,2,15,6,M Pathirana,0,0.5090932523438302
1359539,1,5,6,Shahbaz Ahmed,1,0.940649707244917
1359539,1,8,6,KV Sharma,0,0.6555903883139018
1359539,1,12,6,Shahbaz Ahmed,0,0.4145915698684114
1359539,1,15,6,HV Patel,0,0.2512201383168177
1359539,2,5,6,T Natarajan,0,0.2694332175327128
1359539,2,8,6,Nithish Kumar Reddy,1,0.6556056390546733
1359539,2,12,6,Mayank Dagar,1,0.3224505613681576
1359543,1,5,6,PP Chawla,1,0.6578255417539544
1359543,1,8,6,K Kartikeya,0,0.5033684434904985
1359543,1,12,6,JP Behrendorff,1,0.7151971017070953
1359543,2,5,6,Kartik Tyagi,1,0.9816795225284891
1359543,2,8,6,Vivrant Sharma,0,0.9913154332874982
1359544,1,5,6,Noor Ahmad,0,0.6711738475720725
1359544,1,8,6,Rashid Khan,1,0.5320469300994483
1359544,1,12,6,MM Sharma,0,0.8609289846275298
1359544,1,15,6,MM Sharma,0,0.8345262453782466
1359544,2,5,6,WD Parnell,0,0.7869883294990412
1359544,2,8,6,H Sharma,0,0.5914959165159418
1359544,2,15,6,HV Patel,0,0.4219150702618284
1370351,1,5,6,KH Pandya,1,0.7748179042188106
1370351,1,8,6,Mohsin Khan,1,0.807759246653094
1370351,1,15,6,Naveen-ul-Haq,0,0.6213269873754246
1370351,2,5,6,HR Shokeen,1,0.9984631920249311
1370351,2,8,6,PP Chawla,0,0.4834122705362311
1370352,1,5,6,CJ Jordan,1,0.9268822833851225
1370352,1,8,6,PP Chawla,0,0.8390744954952868
1370352,1,15,6,CJ Jordan,0,0.5813703620156867
1370352,2,5,6,Rashid Khan,0,0.410652962766896
1370352,2,8,6,Noor Ahmad,0,0.5393216682231241
1370352,2,15,6,Rashid Khan,1,0.5562479695388657
1370353,1,5,6,M Theekshana,1,0.8872193257657918
1370353,1,8,6,RA Jadeja,0,0.4216605075714653
1370353,1,15,6,M Pathirana,1,0.7081282059440317
1370353,2,5,6,J Little,0,0.9371392482884897
1370353,2,8,6,Noor Ahmad,1,0.47766613276748854
1370353,2,12,6,MM Sharma,0,0.8014529733663028
1422122,1,5,6,KH Pandya,1,0.18833113663861673
1422122,1,8,6,Yash Thakur,1,0.9964804620236257
1422122,1,12,6,Ravi Bishnoi,1,0.5620781869657973
1422122,2,5,6,R Ashwin,1,0.9803086811767557
1422122,2,8,6,Avesh Khan,1,0.4594079056165063
1422125,1,5,6,Rashid Khan,0,0.8235119040805221
1422125,1,8,6,R Sai Kishore,0,0.42792291808271155
1422125,1,12,6,SH Johnson,0,0.40669419921118244
1422125,1,15,6,MM Sharma,0,0.5170874000184534
1422125,2,5,6,TU Deshpande,1,0.4989731686391455
1422125,2,8,6,M Pathirana,1,0.7855115722499225
1422130,1,5,6,Rashid Khan,1,0.9543300460757663
1422130,1,8,6,Noor Ahmad,0,0.24603346792764721
1422130,1,15,6,DG Nalkande,0,0.20397506802498752
1422130,2,5,6,B Kumar,1,0.4873078176334189
1422130,2,8,6,Washington Sundar,0,0.6034104231650449
1422130,2,12,6,PJ Cummins,0,0.3284865614100271
1422130,2,15,6,M Markande,0,0.6229075005389374
1422135,1,5,6,SM Curran,1,0.6078981905921517
1422135,1,8,6,Harpreet Brar,0,0.45075819514394855
1422135,1,12,6,K Rabada,0,0.5757817206422866
1422135,1,15,6,Arshdeep Singh,0,0.2924829926079065
1422135,2,5,6,Noor Ahmad,0,0.3238572271180123
1422135,2,8,6,Azmatullah Omarzai,0,0.6374332276077502
1422135,2,12,6,MM Sharma,0,0.5923250514429274
1426261,1,5,6,HV Patel,0,0.02971259082286181
1426261,1,8,6,Harpreet Brar,0,0.2653642657479166
1426261,1,12,6,SM Curran,0,0.5738768576287981
1426261,2,5,6,T Natarajan,0,0.3844571464916693
1426261,2,8,6,Nithish Kumar Reddy,1,0.7702710209799803
1426261,2,12,6,PJ Cummins,0,0.2411587319578065
1426261,2,15,6,Nithish Kumar Reddy,1,0.7337337235375871
1426268,1,5,6,Yash Dayal,1,0.9073746041775447
1426268,1,8,6,RJW Topley,0,0.9738163923022187
1426268,1,12,6,LH Ferguson,0,0.81762463711301
1426268,1,15,6,RJW Topley,0,0.8721307089951319
1426268,2,5,6,PJ Cummins,0,0.5176900052390555
1426268,2,8,6,M Markande,0,0.5727823188352605
1426268,2,12,6,M Markande,1,0.6842259314480214
1426268,2,15,6,T Natarajan,0,0.6272433220374478
1426273,1,5,6,Mukesh Kumar,1,0.9976428249040264
1426273,1,8,6,Kuldeep Yadav,1,0.9220775131482508
1426273,1,12,6,AR Patel,0,0.36771140601388946
1426273,2,5,6,T Natarajan,1,0.22866726347254157
1426273,2,8,6,M Markande,1,0.9124675340259075
1426273,2,12,6,Nithish Kumar Reddy,0,0.10901307457392632
1426273,2,15,6,Nithish Kumar Reddy,1,0.501147010409265
1426276,1,5,6,Avesh Khan,1,0.9828150031756441
1426276,1,8,6,R Ashwin,0,0.397469424223281
1426276,1,15,6,YS Chahal,1,0.7129953665082019
1426276,2,5,6,N Thushara,1,0.7781994897365367
1426276,2,8,6,Mohammad Nabi,0,0.5040192945010146
1426276,2,15,6,G Coetzee,0,0.5954823847673724
1426281,1,5,6,JJ Bumrah,1,0.6131726206157697
1426281,1,8,6,L Wood,0,0.8299287139636448
1426281,1,12,6,N Thushara,1,0.8539297528572942
1426281,1,15,6,JJ Bumrah,1,0.46481844936799055
1426281,2,5,6,KK Ahmed,1,0.7910460185482546
1426281,2,8,6,Kuldeep Yadav,0,0.8745637091494707
1426281,2,12,6,Rasikh Salam,0,0.33847646242147944
1426281,2,15,6,LB Williams,1,0.7000619595373384
1426285,1,5,6,SP Narine,1,0.41605324077000816
1426285,1,8,6,CV Varun,1,0.24506952740551394
1426285,1,12,6,CV Varun,0,0.13053229633175964
1426285,1,15,6,MA Starc,0,0.690860966042563
1426285,2,8,6,AR Patel,0,0.26623366401014814
1426285,2,12,6,Rasikh Salam,1,0.747729909267448
1426288,1,5,6,Sandeep Sharma,0,0.029252759261717644
1426288,1,8,6,YS Chahal,0,0.7008777986200939
1426288,1,12,6,YS Chahal,0,0.718458649652544
1426288,1,15,6,R Ashwin,1,0.33606424446865674
1426288,2,5,6,T Natarajan,1,0.6030367307596052
1426288,2,8,6,PJ Cummins,1,0.6908821019645912
1426288,2,12,6,B Kumar,0,0.4894318960996712
1426288,2,15,6,PJ Cummins,1,0.37276111198948886
1426293,1,5,6,JJ Bumrah,0,0.225479761512914
1426293,1,8,6,HH Pandya,1,0.7371748943492722
1426293,1,12,6,PP Chawla,0,0.20492489787669957
1426293,1,15,6,HH Pandya,1,0.5270614730860188
1426293,2,5,6,PJ Cummins,0,0.5305896021038102
1426293,2,8,6,Nithish Kumar Reddy,0,0.12803870398337763
1426293,2,12,6,M Jansen,1,0.8938622218226817
1426293,2,15,6,T Natarajan,0,0.4409749791160169
1426299,1,5,6,M Theekshana,1,0.5892113430816962
1426299,1,8,6,Simarjeet Singh,0,0.42233295758442224
1426299,1,15,6,SN Thakur,1,0.5430508422774003
1426299,2,5,6,R Ashwin,0,0.6576684210243766
1426299,2,8,6,Avesh Khan,1,0.4776443132540176
1426299,2,12,6,YS Chahal,0,0.32704902343760056
1426305,1,5,6,PP Chawla,1,0.9132750311317684
1426305,1,12,6,A Kamboj,1,0.8727492939086534
1426305,1,15,6,R Shepherd,0,0.5712505417073878
1426305,2,5,6,Naveen-ul-Haq,0,0.8050491432199804
1426305,2,8,6,Naveen-ul-Haq,0,0.7708406741677137
1426305,2,12,6,Ravi Bishnoi,1,0.6817638459050509
1426305,2,15,6,MJ Henry,1,0.815859873033695
1426307,1,5,6,B Kumar,1,0.46549964017166406
1426307,1,8,6,V Viyaskanth,1,0.49197258488358225
1426307,1,12,6,PJ Cummins,1,0.39280983669512687
1426307,1,15,6,Nithish Kumar Reddy,1,0.9419405732515723
1426307,2,5,6,R Dhawan,1,0.6712603219901442
1426307,2,8,6,RD Chahar,0,0.34623553162463394
1426307,2,12,6,Harpreet Brar,1,0.883167499287033
1426307,2,15,6,HV Patel,1,0.63056809450231
1426310,1,5,6,Sandeep Sharma,1,0.69841972660147
1426310,1,8,6,R Ashwin,1,0.16849845326374366
1426310,2,5,6,LH Ferguson,0,0.0708253274872641
1426310,2,8,6,KV Sharma,0,0.3233982148000566
1426310,2,12,6,LH Ferguson,0,0.5003662240972798
1473440,1,5,6,KK Ahmed,0,0.48547798820545246
1473440,1,8,6,RA Jadeja,1,0.6333084749622878
1473440,1,12,6,Noor Ahmad,1,0.43918076965993963
1473440,1,15,6,NT Ellis,0,0.5704533523382601
1473440,2,5,6,MJ Santner,1,0.9428712948798171
1473440,2,8,6,WG Jacks,1,0.7907763488359105
1473440,2,12,6,WG Jacks,1,0.6602016892782122
1473440,2,15,6,Naman Dhir,1,0.25903929421963007
1473441,1,5,6,Mukesh Kumar,1,0.9673643663251451
1473441,1,8,6,MM Sharma,0,0.476999181141037
1473441,2,5,6,DS Rathi,1,0.7549271262405335
1473441,2,8,6,Ravi Bishnoi,0,0.5978633978025869
1473441,2,15,6,Prince Yadav,0,0.5355360263938763
1473448,1,5,6,KK Ahmed,1,0.5797483493686321
1473448,1,8,6,R Ashwin,0,0.575326995492615
1473448,1,12,6,RA Jadeja,1,0.11525095904466054
1473448,1,15,6,M Pathirana,1,0.5588915603038206
1473448,2,5,6,Sandeep Sharma,1,0.8979115199607144
1473448,2,8,6,M Theekshana,0,0.2692524246911136
1473448,2,12,6,Sandeep Sharma,0,0.5252152462886396
1473449,1,12,6,Ashwani Kumar,1,0.5652842291729637
1473449,2,5,6,AD Russell,0,0.8809534355792502
1473452,1,5,6,Simarjeet Singh,1,0.8823320849453646
1473452,1,8,6,Zeeshan Ansari,0,0.2321883034673082
1473452,2,5,6,CV Varun,0,0.10315882024010732
1473452,2,8,6,CV Varun,1,0.2446636625342382
1473452,2,15,6,CV Varun,0,0.36253242678699377
1473454,1,5,6,R Ashwin,1,0.582077316804752
1473454,1,8,6,Noor Ahmad,0,0.693703651794624
1473454,1,12,6,RA Jadeja,1,0.7551650600132689
1473454,1,15,6,Mukesh Choudhary,0,0.7590893428542181
1473454,2,5,6,V Nigam,1,0.8148093306388716
1473454,2,8,6,Kuldeep Yadav,0,0.5495294887196742
1473454,2,12,6,Kuldeep Yadav,0,0.572721447446123
1473454,2,15,6,MM Sharma,1,0.6858052136360769
1473459,1,5,6,R Ashwin,1,0.9894446646491726
1473459,1,8,6,RA Jadeja,1,0.3509178829231231
1473459,1,12,6,M Pathirana,1,0.9980805435823926
1473459,1,15,6,M Pathirana,1,0.8808436271288811
1473459,2,5,6,M Jansen,1,0.9004954690074192
1473459,2,8,6,M Jansen,0,0.6564736943389456
1473459,2,12,6,MP Stoinis,1,0.668783577192758
1473459,2,15,6,LH Ferguson,0,0.5269844051330496
1473462,1,5,6,CV Varun,1,0.9124096421743428
1473462,1,8,6,SP Narine,1,0.3362473426162613
1473462,1,12,6,Harshit Rana,0,0.2597057069056147
1473462,2,5,6,KK Ahmed,0,0.9105485567114023
1473468,1,5,6,Harshit Rana,1,0.6403788109557204
1473468,1,8,6,A Nortje,1,0.5922486812987986
1473468,1,12,6,SP Narine,0,0.26353157460917004
1473468,2,8,6,GJ Maxwell,1,0.10441248574261186
1473468,2,12,6,M Jansen,1,0.38660205706209116
1473471,1,5,6,YS Chahal,1,0.08977957921235681
1473471,2,8,6,Suyash Sharma,0,0.5291962330045721
1473474,1,5,6,JR Hazlewood,1,0.7682626683440764
1473474,1,8,6,Suyash Sharma,0,0.3087808734432061
1473474,2,5,6,M Jansen,1,0.7492828304732987
1473474,2,8,6,Harpreet Brar,1,0.41331226446722164
1473474,2,12,6,Harpreet Brar,1,0.2931204482752758
1473475,1,5,6,MJ Santner,0,0.09787692316996421
1473475,1,8,6,JJ Bumrah,0,0.06667479759438925
1473475,1,12,6,JJ Bumrah,1,0.23838285136857812
1473475,2,5,6,R Ashwin,0,0.22285001025985815
1473475,2,8,6,RA Jadeja,0,0.5493869779819927
1473475,2,12,6,Noor Ahmad,0,0.6597213504624088
1473477,1,5,6,PVD Chameera,1,0.7657774649860303
1473477,1,8,6,MA Starc,1,0.49833539210674793
1473477,1,12,6,Kuldeep Yadav,1,0.5509489901347205
1473477,1,15,6,Mukesh Kumar,0,0.4033724693650189
1473477,2,5,6,Avesh Khan,1,0.7217558133154351
1473477,2,8,6,DS Rathi,0,0.36997683982588647
1473477,2,12,6,Avesh Khan,1,0.3430045987566745
1473482,1,5,6,DS Rathi,1,0.8240067145252029
1473482,1,8,6,DS Rathi,0,0.6628021057715346
1473482,1,15,6,MP Yadav,1,0.6290340573318187
1473482,2,5,6,DL Chahar,1,0.8112619788154204
1473482,2,15,6,JJ Bumrah,0,0.3450327867698429
1473487,1,5,6,M Theekshana,0,0.5913282478714638
1473487,1,12,6,R Parag,1,0.2606821623653883
1473487,1,15,6,M Theekshana,0,0.5604933607465435
1473487,2,5,6,C Bosch,1,0.657540413691105
1473487,2,8,6,KV Sharma,1,0.7231013037285497
1473489,1,8,6,RA Jadeja,0,0.17793511521063674
1473489,1,12,6,Noor Ahmad,1,0.5151700125137212
1473489,1,15,6,M Pathirana,0,0.0987814320924614
1473489,2,5,6,L Ngidi,0,0.054403161332548106
1473489,2,8,6,Suyash Sharma,0,0.6826214892742017
1473489,2,12,6,Suyash Sharma,1,0.7986260647388163
1473489,2,15,6,Yash Dayal,0,0.6386035986311059
1473492,1,5,6,HV Patel,0,0.21545917858433486
1473492,1,8,6,E Malinga,0,0.11791447650877444
1473492,1,12,6,Zeeshan Ansari,0,0.2693447267571287
1473500,1,5,6,TU Deshpande,1,0.4764827142841934
1473500,1,8,6,KT Maphaka,0,0.6349055513943327
1473500,1,12,6,PWH de Silva,0,0.10598191531408832
1473500,1,15,6,R Parag,0,0.5369528587963075
1473500,2,8,6,M Pathirana,0,0.09294621478877284
1473500,2,12,6,M Pathirana,0,0.3098501196743116
1473500,2,15,6,Noor Ahmad,1,0.893134557837814
1527680,1,5,6,Arshdeep Singh,0,0.3653399456004347
1527680,1,8,6,MP Stoinis,1,0.9966650434848072
1527680,1,12,6,Vijaykumar Vyshak,0,0.5430078920601952
1527680,1,15,6,XC Bartlett,1,0.7295042458750658
1527680,2,8,6,Noor Ahmad,1,0.8120650979794534
1527680,2,12,6,RD Chahar,0,0.7870920300790024
1527680,2,15,6,RD Chahar,1,0.8037618388819815
1527686,1,5,6,AM Ghazanfar,0,0.18870707402231685
1527686,2,5,6,Sandeep Sharma,0,0.4929927404061815
1527687,1,5,6,L Ngidi,1,0.29766512796164185
1527687,1,8,6,T Natarajan,0,0.18947255119769205
1527687,1,12,6,Kuldeep Yadav,0,0.5616727329156571
1527687,1,15,6,T Natarajan,0,0.35592049738249965
1527687,2,5,6,Ashok Sharma,1,0.998499044496935
1527687,2,8,6,M Prasidh Krishna,1,0.9218445039744436
1527687,2,12,6,M Prasidh Krishna,1,0.8125251970948112
1527687,2,15,6,Ashok Sharma,1,0.8784378737403322
1527692,1,5,6,Ashok Sharma,1,0.7141318573595173
1527692,1,8,6,M Prasidh Krishna,0,0.32652373421370723
1527692,1,12,6,K Rabada,1,0.7971599792509307
1527692,2,5,6,DS Rathi,0,0.45168525016508976
1527692,2,8,6,GF Linde,1,0.7613156532233386
1527692,2,12,6,DS Rathi,0,0.5555353952000455
1529270,1,8,6,Gurjapneet Singh,0,0.2487688298294299
1529270,1,12,6,Noor Ahmad,0,0.33515205717966795
1529270,2,5,6,E Malinga,1,0.6604339035244418
1529270,2,8,6,Shivang Kumar,1,0.31161691336291186
1529270,2,12,6,Nithish Kumar Reddy,0,0.2638338424336627
1529270,2,15,6,E Malinga,0,0.2703708588528553
1529275,1,5,6,Mohsin Khan,0,0.15773405481693734
1529275,1,8,6,Prince Yadav,1,0.4463785546628061
1529275,1,15,6,Prince Yadav,0,0.32264529478962106
1529275,2,5,6,N Burger,0,0.32100263903637877
1529275,2,8,6,Ravi Bishnoi,0,0.24582568165191918
1529275,2,12,6,Brijesh Sharma,1,0.35445997142102825
1529276,1,5,6,MJ Santner,0,0.515252502944654
1529276,1,8,6,AM Ghazanfar,1,0.46062122576069076
1529276,1,12,6,Ashwani Kumar,0,0.36529406479942345
1529276,1,15,6,Krish Bhagat,0,0.9035346989028599
1529276,2,5,6,Mukesh Choudhary,0,0.3580518527088176
1529276,2,8,6,Noor Ahmad,1,0.4584389903867811
1529276,2,12,6,Noor Ahmad,1,0.48427236116632033
1529276,2,15,6,Gurjapneet Singh,1,0.17177028758885768
1529277,1,5,6,Rasikh Salam,1,0.8096757691210804
1529277,1,8,6,KH Pandya,0,0.5252792336359025
1529277,1,12,6,Suyash Sharma,1,0.5967968876993716
1529277,1,15,6,JR Hazlewood,1,0.6693234890751993
1529277,2,5,6,JO Holder,0,0.4432429598902371
1529277,2,12,6,Rashid Khan,0,0.7120344518376591
1529277,2,15,6,MJ Suthar,0,0.09366583753113981
1529285,1,5,6,K Rabada,0,0.5681743234761514
1529285,1,8,6,JO Holder,1,0.6113903186630445
1529285,2,5,6,JR Hazlewood,1,0.9304741839439079
1529285,2,8,6,R Shepherd,1,0.5308144584686748
1529285,2,12,6,R Shepherd,1,0.6187642099815434
